,Player 1,Player 2,1,X,2,1X,12,X2,Hcap.,1*,Hcap.*,2*,Total,O,U,Extras
0,BSV Schueren,Hombrucher,,,,,,,-3.5,1.60,+3.5,2.20,4.5,2.15,1.62,+7
1,Roda,FC Eindhoven,2.10,3.55,3.10,1.32,1.25,1.65,-1.5,4.10,+1.5,1.20,2.5,1.98,1.72,+202
2,Liepaja,FC Riga,,,,,,,+2.5,1.55,-2.5,2.25,4.5,1.48,2.45,+64
3,Asker U19,Oppsal U19,2.70,4.50,2.07,1.67,1.16,1.40,+1.5,1.25,-1.5,3.50,4.5,1.97,1.73,+52
4,Kvik Halden,Valerenga-2,,,,,,,-3.5,1.95,+3.5,1.75,4.5,2.70,1.40,+63
5,Univers. Craiova CS,Cfr Cluj,4.70,2.20,2.50,1.50,1.63,1.17,+1.5,1.08,-1.5,7.20,3.5,2.60,1.45,+112
6,IF Elfsborg,Sirius IK,2.65,2.15,4.40,1.19,1.65,1.45,-1.5,7.10,+1.5,1.08,6.5,1.42,2.75,+88
7,Norrkoping IFK,Mjallby AIF,2.12,2.17,7.40,1.07,1.65,1.68,-1.5,5.90,+1.5,1.11,2.5,1.47,2.60,+89
8,IK Brage,Trelleborg FF,,,,,,,-3.5,3.40,+3.5,1.30,3.5,1.65,2.17,+68
9,Orgryte,Vasteras,19.00,4.70,1.25,3.75,1.17,,+1.5,1.35,-1.5,3.05,1.5,1.55,2.35,+116
10,Ramtha SC,Al Ahli,1.58,2.80,11.50,1.01,1.38,2.25,-1.5,3.30,+1.5,1.28,3.5,2.15,1.63,+90
11,Zelenie Berety,Ryzhiye Lisy,2.15,3.30,3.20,1.30,1.29,1.62,0,1.57,0,2.25,7.5,2.25,1.57,+18
12,Urozhaynaya,University,3.65,1.55,6.20,1.09,2.30,1.25,0,1.50,0,2.45,6.5,2.08,1.65,
13,Gazprom Minsk,Orbita Minsk,,,,,,,,,,,3.5,4.40,1.17,+2
14,Eskilstuna (w),Uppsala (w),13.00,6.80,1.17,4.40,1.07,,+1.5,1.72,-1.5,2.00,5.5,2.65,1.42,+71
15,Kopparbergs/Goteborg(w),Linkoping (w),,,,,,,-2.5,1.88,+2.5,1.88,3.5,2.45,1.50,+83
16,Kostin (NFC) Chelsea,Zaporozhets (VEG) Bayern M,,,,,,,,,,,,,,
17,Barcelona (Inquisitor),Man. City (dm1trena),4.80,1.48,5.00,1.13,2.45,1.15,0,1.80,0,1.90,0.5,2.20,1.60,+38
18,Argentina (Raiden),England (Black),3.00,2.25,3.30,1.30,1.57,1.35,0,1.77,0,1.93,5.5,2.50,1.45,+7
19,Italy (Wizard),France (Tekashi),,,,,,,+2.5,1.35,-2.5,2.95,8.5,1.70,2.02,
20,Spain (Zayn),Netherlands (Leo),,,,,,,-1.5,1.42,+1.5,2.65,2.5,1.55,2.30,
21,Udinese (Olom),Sassuolo (Bobby),,,,,,,,,,,,,,
22,Sampodria (Spursmax),Fiorentina (Stdm),,,,,,,-3.5,5.80,+3.5,1.10,3.5,3.25,1.30,
23,LAZIO (SPECIALIST),Juventus (Unknown),,,,,,,,,,,,,,
24,Carolina Hurricanes,NY Rangers,1.03,,,,,13.00,-2.5,2.25,+2.5,1.60,5.5,3.15,1.35,+50
25,Molotoboytsy,Chetyre Ledokola,5.10,3.70,1.67,2.15,1.25,1.15,+1.5,1.40,-1.5,2.90,5.5,1.93,1.82,+45
26,Energetik Minsk,Epam Ice Needles-2,1.45,6.10,4.50,1.16,1.09,2.55,-1.5,1.73,+1.5,2.00,7.5,2.12,1.64,+127
27,Les Canadiens de Montréal (fine_oxtail3),Florida Panthers (aa0912200),2.50,2.70,3.15,1.30,1.40,1.47,-1.5,5.90,+1.5,1.10,9.5,2.05,1.68,+54
28,Miami Heat,Toronto Raptors,2.70,,1.47,,,,+4.5,1.95,-4.5,1.85,208.5,1.90,1.90,+24
29,Barcelona (Fosters23),Milan (mrPanda),2.75,,1.39,,,,+5.5,1.83,-5.5,1.87,110.5,1.78,1.92,+2
30,Vostok 121,VSS,9.00,,1.03,,,,+17.5,1.87,-17.5,1.83,160.5,1.90,1.80,+14
31,Minyor 2015,North West-Global Test,1.23,,3.70,,,,-7.5,1.85,+7.5,1.85,187.5,1.87,1.83,+8
32,Nemuno Banga KK,VK Vilnius,1.05,,7.77,,,,-17.5,1.87,+17.5,1.83,131.5,1.83,1.87,+6
33,Dallas Mavericks (Shiva),Philadelphia 76 (Spenish),1.24,,3.60,,,,-7.5,1.80,+7.5,1.90,109.5,1.85,1.85,+6
34,GS Warriors (bad_trip),Toronto Rap. (SLAMDUNKVV),1.65,,2.10,,,,-2.5,1.87,+2.5,1.83,124.5,1.87,1.83,+6
35,Denver Nugget (Milla),San Antonio Spurs (Potter),3.90,,1.21,,,,+10.5,1.87,-10.5,1.83,203.5,1.83,1.87,+6
36,Indiana Pacers (Sphynx),Golden State Warriors (Harden),2.36,,1.52,,,,+3.5,1.85,-3.5,1.85,173.5,1.85,1.85,+6
37,Portland Trail Blazers (Lily),Utah Jazz (Jasmine),4.90,,1.14,,,,+9.5,1.83,-9.5,1.87,180.5,1.85,1.85,+6
38,Minnesota Timberwolves (Allka),Miami Heat (Elsa),3.70,,1.23,,,,+7.5,1.85,-7.5,1.85,203.5,1.87,1.83,+6
39,New Orleans Pelicans (mcdonals999),San Antonio Spurs (nikitos349),1.55,,2.30,,,,-2.5,1.90,+2.5,1.80,133.5,1.76,1.94,+6
40,DIVIZON,Team Secret,,10.50,1.03,,,,,,,,,,,+13
41,KWK,Mouseplayz,1.60,4.30,4.20,,,,-2.5,1.92,+2.5,1.78,11.5,2.15,1.63,+15
42,Oldenburg Avengers,Ahoi Bois,,,,,,,,,,,,,,
43,Игра 2. Oldenburg Avengers,Ahoi Bois,2.65,3.70,2.30,1.55,1.23,1.42,0,2.00,0,1.72,3.5,2.25,1.57,+18
0,Manchester United,LASK Linz,1.33,5.30,9.00,1.06,1.16,3.30,-1.5,1.90,+1.5,1.90,3.5,2.40,1.58,+276
1,Internazionale Milano,Getafe,1.75,3.45,5.20,1.16,1.30,2.10,-1.5,3.35,+1.5,1.33,2.5,2.45,1.55,+282
2,Интер М-Хета. Martinez L,Mata Jaime,3.40,1.65,5.50,1.11,2.10,1.27,0,1.55,0,2.30,0.5,1.83,1.87,+4
3,Cittadella,Frosinone,2.85,2.85,2.85,1.42,1.42,1.42,-1.5,6.50,+1.5,1.11,2.5,2.35,1.60,+196
4,Finnentrop/Bamenohl,Arpe/Wormbach,1.02,,,,,14.00,,,,,3.5,7.70,1.06,
5,Monheim,Rather SV,5.60,3.25,1.68,2.05,1.30,1.11,+1.5,1.15,-1.5,4.70,3.5,1.40,2.70,+70
6,Germany Grosskrotzenburg,Aschaffenburg,,,,,,,+3.5,1.88,-3.5,1.82,3.5,1.45,2.55,
7,Friesdorf,Engers,,,,,,,+3.5,1.20,-3.5,3.95,5.5,2.05,1.68,+4
8,Wattenscheid 09,Honnepel,,,,,,,-3.5,2.17,+3.5,1.62,3.5,1.58,2.25,
9,SSV Jeddeloh,Atlas Delmenhorst,,,1.03,10.50,,,+1.5,3.15,-1.5,1.30,2.5,1.60,2.20,+7
10,Meerbusch,Kapellen Erft,2.35,1.90,8.00,1.05,1.80,1.53,-1.5,6.60,+1.5,1.07,6.5,1.63,2.15,+10
11,Raq Mons,Tubize,1.27,4.30,18.00,,1.18,3.40,-1.5,3.65,+1.5,1.25,3.5,1.70,2.02,+6
12,Yeg Hassel 1993,Rot-Weiss Mulheim,,,,,,,-2.5,2.60,+2.5,1.43,4.5,1.77,1.93,+12
13,Sterkrade-Nord,Fichte,1.40,4.30,7.10,1.06,1.18,2.75,-1.5,2.45,+1.5,1.48,4.5,1.52,2.35,+2
14,Wormatia Worms,Hessen Dreieich,1.04,11.00,50.00,,1.01,8.50,-2.5,2.30,+2.5,1.55,3.5,1.97,1.73,+92
15,Viktoria 1915 Glesch-Paffe,TUS BW Konigsdorf,6.20,6.40,1.30,3.20,1.08,1.09,+1.5,1.87,-1.5,1.83,6.5,2.15,1.62,+9
16,Crumlin United,Cherry Orchard,1.70,3.35,5.10,1.13,1.28,2.02,-1.5,3.45,+1.5,1.25,3.5,1.60,2.20,+33
17,Liffey Wanderers,Portmarnock FC,1.45,5.10,5.00,1.13,1.13,2.55,-1.5,2.10,+1.5,1.65,3.5,1.60,2.20,+211
18,Bluebell Un,Newbridge T,1.14,7.40,15.00,,1.06,4.90,-1.5,1.58,+1.5,2.20,2.5,1.50,2.40,+114
19,Ballymun United,Killester Donnycarney,4.40,3.30,1.83,1.87,1.30,1.17,+1.5,1.28,-1.5,3.35,1.5,1.60,2.20,+81
20,Maynooth University Town,Malahide Un,2.30,2.80,3.50,1.25,1.38,1.55,-1.5,4.90,+1.5,1.14,1.5,1.80,1.90,+144
21,Portlaoise AFC,Drumcondra,2.25,4.20,2.45,1.48,1.19,1.57,-1.5,3.65,+1.5,1.25,4.5,2.10,1.65,+175
22,Tolka Rovers,Collinstown,2.45,3.75,2.45,1.48,1.23,1.48,-1.5,4.15,+1.5,1.19,2.5,1.55,2.35,+210
23,St. Mochtas,Wayside Celtic,1.33,5.10,7.50,1.06,1.13,3.05,-1.5,1.90,+1.5,1.80,2.5,1.55,2.30,+9
24,Edenderry City,Bangor Celtic,3.45,4.50,1.75,1.95,1.16,1.25,+1.5,1.38,-1.5,2.80,3.5,1.95,1.75,+213
25,Greystones,Swords Celtic,1.78,4.50,3.35,1.28,1.16,1.92,-1.5,2.95,+1.5,1.35,3.5,2.15,1.62,+211
26,Vojvodina,Cukaricki,1.88,3.45,4.10,1.22,1.30,1.88,-1.5,3.45,+1.5,1.30,2.5,1.90,1.85,+203
27,Istra 1961 Pula,Orijent Rijeka,1.88,2.95,5.10,1.15,1.37,1.88,-1.5,3.90,+1.5,1.23,1.5,1.82,1.92,+146
28,Alta U19,Bolstanaes U19,1.27,5.80,8.50,1.04,1.10,3.40,-1.5,1.80,+1.5,1.90,8.5,1.90,1.80,+9
29,Al Hussein,AL Sareeh,1.37,3.90,10.50,1.01,1.20,2.85,-1.5,4.70,+1.5,1.15,1.5,1.70,2.02,+14
30,MAT Tetouan,Raja Casablanca,3.90,2.70,2.20,1.60,1.40,1.20,+1.5,1.15,-1.5,4.80,1.5,1.60,2.20,+177
31,Aguia Maraba,Bragantino PA,22.00,7.50,1.11,5.50,1.06,,+1.5,2.35,-1.5,1.55,2.5,1.82,1.88,+128
32,Concordia Atletico,Tubarao,1.03,13.00,50.00,,,9.00,-2.5,2.30,+2.5,1.55,3.5,2.20,1.60,+142
33,Krasnie Maki,Zelenie Berety,2.40,4.30,2.30,1.55,1.18,1.50,0,1.88,0,1.82,5.5,1.72,2.00,+26
34,Minsk,University,1.14,,,,,4.80,-2.5,2.30,+2.5,1.55,3.5,1.90,1.80,
35,MPR,Mazda,,,,,,,+3.5,1.82,-3.5,1.88,5.5,2.10,1.65,+26
36,Soyuz Minsk,FK Sukharevo,,12.00,,,1.02,,+1.5,2.80,-1.5,1.38,7.5,2.25,1.57,+4
37,Man. City (sane4ek8),Liverpool (Chellovekk),,,,,,,,,,,,,,
38,Arsenal L (FEARGGWP),Tottenham (Flewless_ph.),,,,,,,,,,,,,,
39,US SASSUOLO CALCIO (DEN1BRAVO),UDINESE CALCIO (XHALE),,,,,,,-2.5,2.00,+2.5,1.72,2.5,1.40,2.70,
40,Lazio (Aventon),JUVENTUS (VITO),1.10,,,,,5.80,-1.5,1.82,+1.5,1.88,6.5,2.45,1.48,+7
41,Arizona Coyotes,Nashville Predators,2.05,4.40,2.85,1.40,1.19,1.73,-1.5,3.10,+1.5,1.35,5.5,1.85,1.90,+167
42,Meteor Minsk,Patriot-2 Minsk,10.00,3.50,1.45,2.55,1.25,1.02,0,6.20,0,1.09,3.5,1.60,2.20,+20
43,SAN JOSE SHARKS (KEKS),DETROIT RED WINGS (SUPERNOVA),,,,,,,+4.5,1.80,-4.5,1.90,6.5,1.80,1.90,+61
44,Uta Jazz,Memphis Grizzlies,1.57,,2.41,,,,-3.5,1.90,+3.5,1.90,221.5,1.93,1.87,+24
45,Zenit Spb (JoKeR),Baskonia (Fosters23),3.25,,1.29,,,,+5.5,1.87,-5.5,1.83,93.5,1.83,1.87,+6
46,Garde Marin,Rakurs,,,,,,,-5.5,1.80,+5.5,1.90,143.5,1.90,1.80,+2
47,Phantoms,Palyacite,,,,,,,-5.5,1.92,+5.5,1.78,128.5,1.87,1.83,+2
48,Sucre,Las Ferias,,,,,,,,,,,,,,
49,Portland Trail Bl. (SHIVA),Atlanta Hawks(iamdevilwalk,8.30,,1.04,,,,+13.5,1.83,-13.5,1.87,101.5,1.85,1.85,+6
50,Toronto Raptors (BEPADO),Boston Celtics(SLAMDUNKVV),3.15,,1.31,,,,+5.5,1.87,-5.5,1.83,120.5,1.85,1.85,+6
51,Utah Jazz (Lily),Denver Nuggets (Jasmine),,,,,,,-17.5,1.90,+17.5,1.80,202.5,1.87,1.83,+6
52,Charlotte Horn.(alex_007_m,Indiana Pacers(nikitos349),4.70,,1.15,,,,+8.5,1.90,-8.5,1.80,119.5,1.83,1.87,+6
53,Ballerz-hatetw (white),Ringers-Dr_Martynov (black),,,,,,,-6.5,1.94,+6.5,1.76,,,,+2
54,HellRaisers,Omegalil,,,,,,,,,,,,,,
0,Belyye Rozy,Ryzhiye Lisy,,,,,,,-2.5,3.05,+2.5,1.33,6.5,1.42,2.65,+14
1,Benev (WCU) Borussia D,Amoyan (EZ1) Atletico M,2.45,3.85,2.45,1.48,1.22,1.48,-1.5,3.85,+1.5,1.22,3.5,1.70,2.02,+109
2,Netherlands (slezaintima),Italy (Foggy),5.50,4.40,1.50,2.40,1.17,1.11,+1.5,1.35,-1.5,3.00,4.5,1.53,2.35,+56
3,Brazil (DangerDim77),England (orlovsky1),3.15,2.15,3.35,1.28,1.62,1.30,-1.5,7.90,+1.5,1.05,1.5,2.15,1.62,+67
4,Bayern (Kodak),RB Leipzig (Boulevard_Pr.),3.50,2.50,2.55,1.45,1.47,1.25,+1.5,1.11,-1.5,5.50,2.5,2.35,1.53,+91
5,Borussia M (Skromnuy),Bayer L (vrico),2.70,2.70,3.00,1.35,1.40,1.40,-1.5,5.40,+1.5,1.12,2.5,2.08,1.65,+92
6,Atletico M (Praym),Valencia (Dimqaa),,,,,,,,,,,,,,
7,REAL SOCIEDAD (GERNAUT),VILLARREAL (FASQER),,,,,,,,,,,,,,
8,ATHLETIC CLUB (CRITIC),GETAFE CF (BOBBY),,,,,,,,,,,,,,
9,Molot-Prikamje,Izhstal,2.20,3.60,3.00,1.35,1.27,1.63,-1.5,3.40,+1.5,1.30,3.5,1.85,1.90,+108
10,Davydov (ILY) Arizona,Ponomarev(4M3)Detroit R.W.,2.00,4.80,2.70,1.40,1.15,1.72,-1.5,2.70,+1.5,1.40,5.5,2.05,1.68,+119
11,Finland (Joker),Russia (nazar4ik99),,,,,,,,,,,,,,
12,Brooklyn Nets (Moana),LA Lakers (Willow),,,,,,,-9.5,2.00,+9.5,1.72,,,,
13,LA Clippers (Ellka),Houston Rockets (Sally),,,,,,,,,,,,,,
14,Dallas Mavericks (Reta),Philadelphia 76 (Readdle),,,,,,,,,,,,,,
15,Portland Trail Blazers (amuralex),Memphis Grizzlies (alex_007_m),8.30,,1.04,,,,+14.5,1.78,-14.5,1.92,125.5,1.80,1.90,+6
16,Ruch Chorzow U19 (w),Pawonkow U19 (w),,,,,,,,,,,,,,
17,BHT Piotrkow Trybunalski U19 (w),SPR Olkusz U19 (w),,,,,,,,,,,,,,
18,Ostrava (w),FAT PIPE Florbal Chodov (w),,,1.05,8.00,,,+2.5,2.07,-2.5,1.67,5.5,2.00,1.72,+27
19,Kralovske Vinohrady 2 (w),Rot-Weis-Rot (w),1.62,4.30,4.30,1.18,1.18,2.15,-1.5,2.40,+1.5,1.50,4.5,1.77,1.93,+25
20,Traverza Mukařov,Orka Celakovice,,,,,,,-3.5,1.62,+3.5,2.15,7.5,1.57,2.25,+24
21,Ireland (JohnnySize),Scotland (Elgy),7.00,20.00,1.09,,,,+17.5,1.80,-17.5,1.90,49.5,1.83,1.87,+20
22,Collingwood,Sydney Swans,1.70,,2.00,,,,-2.5,1.85,+2.5,1.85,112.5,1.85,1.85,+4
23,496 Gaming,Execration,,,,,,,,,,,,,,
24,IG Vitality,black,,,,,,,,,,,,,,
25,DAMWON Gaming,Gen.G,,,,,,,,,,,,,,
0,FC Basel 1893,Eintracht Frankfurt,3.80,3.65,1.95,1.85,1.28,1.27,+1.5,1.33,-1.5,3.35,2.5,2.10,1.75,+270
1,Wolves,Olympiakos Piraeus,1.22,5.80,16.00,1.01,1.14,4.30,-1.5,2.10,+1.5,1.75,2.5,1.93,1.87,+217
2,Wolver-Olymp. Valbuena M,Traore A,10.00,1.27,5.10,1.13,3.40,1.02,0,2.75,0,1.40,0.5,3.05,1.33,+2
3,Lichtenberg 47,Blau-Weiss Friesdorf,,,,,,,+1.5,9.00,-1.5,1.04,6.5,6.10,1.09,+2
4,Lundby IF,Goteborg FF,,,,,,,-3.5,3.05,+3.5,1.33,7.5,1.43,2.60,+7
5,St. John Bosco,Templeogue United,43.00,5.00,1.16,4.60,1.13,,+1.5,1.14,-1.5,5.00,3.5,2.45,1.48,+6
6,St. Mochtas,Home Farm,,,,,,,-4.5,2.45,+4.5,1.48,6.5,2.03,1.70,+7
7,Usher Celtic Senior Team,Rush Athletic,2.60,2.85,2.85,1.37,1.37,1.45,-1.5,5.10,+1.5,1.13,1.5,1.50,2.45,+147
8,St. Francis,Corduff,1.60,4.20,4.60,1.16,1.19,2.20,-1.5,2.55,+1.5,1.45,4.5,1.60,2.20,+39
9,EB/Streymur,KI Klaksvik,,,,,,,+6.5,1.57,-6.5,2.25,6.5,1.95,1.75,+8
10,Vikingur Gota,HB Torshavn,50.00,7.10,1.08,6.50,1.06,,+1.5,1.25,-1.5,3.45,3.5,2.30,1.55,+6
11,Zamalek SC,Al Masry,1.15,6.30,24.00,,1.10,5.10,-1.5,3.40,+1.5,1.30,1.5,1.98,1.78,+67
12,Zheltie Tulpany,Krasnie Maki,1.25,4.50,18.00,1.01,1.16,3.55,-1.5,3.00,+1.5,1.34,5.5,1.44,2.60,+12
13,McDonalds Nitra,Trogary,,,,,,,+5.5,1.62,-5.5,2.15,8.5,1.60,2.20,
14,Tottenham (BlackStar98),Man.United (FEARGGWP),16.00,3.60,1.35,2.95,1.25,,+1.5,1.30,-1.5,3.25,1.5,1.43,2.60,+17
15,Man. City (Chellovekk),Arsenal L (Flewless_ph.),1.40,3.60,11.50,1.01,1.25,2.75,-1.5,3.40,+1.5,1.27,2.5,2.70,1.40,+46
16,SSC NAPOLI (VITO),JUVENTUS (STIG),,,,,,,,,,,,,,
17,Min Wild,Vancouver Canucks,2.20,4.05,2.75,1.42,1.22,1.63,-1.5,3.30,+1.5,1.30,4.5,2.15,1.65,+168
18,Huttwil,Langental,2.15,3.10,3.40,1.27,1.32,1.62,-1.5,3.60,+1.5,1.25,5.5,2.35,1.53,+86
19,Chetyre Ledokola,Six Trolls,1.16,7.30,15.00,,1.08,4.90,-2.5,2.15,+2.5,1.65,6.5,2.08,1.70,+54
20,Los Angeles Kings (JET),San Jose (JoKeR),,,1.08,6.30,,,+2.5,2.40,-2.5,1.50,5.5,1.65,2.10,+29
21,Columbus (RedDevil),Detroit Red Wings(mrPanda),6.90,5.60,1.32,3.10,1.11,1.07,+1.5,2.03,-1.5,1.70,5.5,2.25,1.57,+97
22,Sacramento,NO Pelicans,1.03,,13.50,,,,-12.5,1.90,+12.5,1.90,271.5,1.85,1.95,+12
23,Milan (88fireburn),Zalgiris (Ash),6.80,,1.07,,,,+13.5,1.90,-13.5,1.80,104.5,1.85,1.85,+6
24,MSG,Profsoyuz Zhizneobespech.,1.12,,5.30,,,,-7.5,1.83,+7.5,1.87,150.5,1.83,1.87,+8
25,Erous,Vivacom,1.95,,1.75,,,,,,,,,,,
26,La Concordia,Las Ferias,1.63,,2.13,,,,-1.5,1.85,+1.5,1.85,176.5,1.85,1.85,+4
27,HOUSTON ROCKETS (BAD_TRIP),LOS ANGELES CLIPPERS (BOBBY),2.60,,1.43,,,,+4.5,1.90,-4.5,1.80,126.5,1.87,1.83,+6
28,Boston Celtics (Zo0m),Toronto Raptors (iamdevilwalk),,,,,,,-3.5,1.83,+3.5,1.87,125.5,1.90,1.80,+2
29,Denver Nuggets (ALLka),Miami Heat (Lily),,,,,,,,,,,,,,
30,Portland (Harden),Minnesota Timb. (Sphynx),,,,,,,,,,,,,,
31,Orlando Magic (alex_007_m),Cleveland Cav. (nikitos349,4.15,,1.19,,,,+5.5,1.85,-5.5,1.85,123.5,1.85,1.85,+6
32,FTC Telekom,BVSC-Zuglo,,,,,,,-6.5,2.10,+6.5,1.65,21.5,2.10,1.65,+19
33,Sturm Minsk,Milluol,2.47,4.50,2.20,1.60,1.16,1.48,0,1.95,0,1.75,11.5,1.65,2.10,+27
34,Skaut team Belarus,Diza,,,,,,,+5.5,1.75,-5.5,1.95,11.5,1.95,1.75,+27
35,Pit Pirates,Min Twins,5.60,,1.11,,,,+2.5,1.63,-2.5,2.15,10.5,1.70,2.02,+20
36,AVEZ,SG.pro,1.78,,1.93,,,,,,,,,,,
37,Thunder Predator,Midas Club,,,,,,,,,,,,,,
38,Vexed,Cowana,,,,,,,+4.5,2.15,-4.5,1.63,9.5,1.93,1.77,+4
0,Khimki-2,Sakhalin,1.45,4.30,6.40,1.08,1.18,2.55,-1.5,2.55,+1.5,1.45,3.5,2.50,1.47,+185
1,Shanghai Shenhua,Dalian Yifang,1.45,4.20,6.80,1.09,1.20,2.65,-1.5,2.65,+1.5,1.45,2.5,1.52,2.45,+179
2,Brisbane Roar FC,Sydney FC,3.15,2.70,2.75,1.45,1.47,1.35,+1.5,1.12,-1.5,6.40,3.5,1.97,1.83,+165
3,Tallebudgera Valley FC,Robina City 2 Sunday,,,,,,,-7.5,1.65,+7.5,2.10,7.5,1.50,2.40,+2
4,Jeju United,Asan Mugunghwa,1.53,3.90,5.90,1.10,1.20,2.35,-1.5,2.55,+1.5,1.45,2.5,2.05,1.68,+192
5,Kataller Toyama,SC Sagamihara,1.04,11.00,50.00,,1.01,8.50,-2.5,2.35,+2.5,1.52,3.5,1.98,1.72,+94
6,Defenders,Super Sun,1.04,18.00,18.00,,,8.50,-3.5,2.30,+3.5,1.55,4.5,2.00,1.72,+125
7,Ryzhiye Lisy,Sinie Ptitsy,3.50,2.35,2.75,1.40,1.52,1.26,0,2.07,0,1.67,7.5,2.00,1.72,+12
8,Gumi Sportstoto (w),Boeun Sangmu (w),1.14,5.60,36.00,,1.11,4.90,-1.5,3.60,+1.5,1.25,1.5,2.05,1.68,+8
9,Seoul Amazones (w),Gyeongiu KHNP (w),11.50,1.80,2.30,1.55,1.90,1.01,+1.5,1.07,-1.5,6.70,2.5,1.75,1.95,+10
10,Suwon (w),Hwacheon KSPO (w),12.50,3.45,1.40,2.75,1.25,,+1.5,1.09,-1.5,6.00,1.5,1.83,1.87,+12
11,JEF United Chiba (w),Ehime (w),2.90,1.58,10.00,1.02,2.25,1.35,0,1.23,0,3.75,0.5,2.20,1.60,+10
12,Man. City (mooneycb),Liverpool (slezaintima),2.30,2.85,3.35,1.28,1.37,1.55,-1.5,5.00,+1.5,1.13,2.5,2.25,1.57,+92
13,Arsenal L (Olle),Man.United (dm1trena),2.85,2.40,3.25,1.30,1.50,1.37,-1.5,5.60,+1.5,1.11,2.5,2.10,1.65,+91
14,Bayern (Tigo),Piemonte Calcio (Paulo),1.75,3.40,4.50,1.16,1.27,1.95,0,1.30,0,3.15,3.5,1.55,2.30,
15,Man. City (Harry),Atletico M (Nrek),1.25,5.30,11.50,1.01,1.12,3.55,-1.5,1.93,+1.5,1.77,2.5,1.50,2.40,
16,Napoli (HovHar),Liverpool (Archi),2.02,3.00,3.90,1.20,1.35,1.70,0,1.43,0,2.65,1.5,1.75,1.95,
17,Feyenoord (Dimqaa),CSKA M (Praym),1.37,4.30,8.50,1.04,1.18,2.85,-1.5,2.70,+1.5,1.40,2.5,1.95,1.75,
18,Roma (Fasqer),Wolverhampton (Skmgery),,,1.02,15.00,,,+2.5,2.20,-2.5,1.60,5.5,1.75,1.95,+45
19,Neftekhimik,Severstal,2.30,3.70,2.75,1.42,1.25,1.58,-1.5,3.60,+1.5,1.27,3.5,1.93,1.83,+174
20,Sputnik Almetyevsk,Stalnye Lisy,,,,,,,-3.5,2.70,+3.5,1.43,4.5,1.85,1.90,+58
21,Neftyanik Almetyevsk,Udmurtiya,1.45,5.00,5.80,1.12,1.15,2.65,-1.5,1.87,+1.5,1.88,3.5,1.75,2.00,+116
22,Proletarians of Hockey,Belye Ldiny,,,,,,,,,,,,,,
23,Zolin (PGM) N-Y Rangers,Davydov (ILY) Arizona,,,,,,,,,,,,,,
24,Toronto (nazar4ik99),Boston Bruins (Joker),1.33,3.60,18.00,,1.25,3.05,-1.5,3.80,+1.5,1.22,5.5,1.65,2.10,+27
25,Anadolu Efes (Fosters23),Zenit (BLM_Mamba),2.30,,1.55,,,,+1.5,1.92,-1.5,1.78,112.5,1.83,1.87,+6
26,Golden State Warriors (Siegfried),Portland Trail Blazers (BoBBY),,,,,,,+9.5,1.75,-9.5,1.95,129.5,1.90,1.80,+6
27,Dallas Mavericks (SLAMDUNKVV),Houston Rockets (Spenish),,,,,,,-17.5,2.03,+17.5,1.70,,,,
28,Atlanta Hawks (Galka_khv),Houston Rockets (Dokto_rmom),1.55,,2.30,,,,-3.5,1.85,+3.5,1.85,105.5,1.85,1.85,+6
29,Scotland (Elgy),France (GenaBukin),,,,,,,,,,,52.5,1.40,2.72,
30,Hiroshima Carp,Chunichi Dragons,,,,,,,0,1.05,0,7.90,6.5,1.70,2.02,+25
31,Yokohama Baystars,Hanshin Tigers,,,,,,,0,1.15,0,4.70,7.5,1.90,1.80,+22
32,Galaxy Racer Esports,lvlUP,,,,,,,,,,,,,,
33,AVANT,Paradox,1.43,,2.60,,,,,,,,,,,
34,Neon Esports,496 Gaming,,,,,,,,,,,,,,
0,Oud Heverlee Leuven,Eupen,,,,,,,,,,,,,,
1,TSG Balingen,Pforzheim,,,,,,,-3.5,1.42,+3.5,2.65,4.5,2.35,1.53,+14
2,Bottrop 1900,Rentfort,,,,,,,+4.5,1.57,-4.5,2.25,6.5,1.42,2.65,+7
3,Adler Berlin-2,Wacker Lankwitz-2,,,,,,,-4.5,2.65,+4.5,1.40,4.5,1.60,2.20,+7
4,St. John Bosco,Tolka Rovers,,,,,,,+5.5,1.83,-5.5,1.87,6.5,1.60,2.20,+59
5,Templeogue United,Wayside Celtic,2.95,2.75,2.65,1.42,1.40,1.35,+1.5,1.11,-1.5,5.70,3.5,1.68,2.05,+94
6,Home Farm,Malahide Un,3.05,3.95,2.00,1.72,1.20,1.33,+1.5,1.35,-1.5,2.95,3.5,1.87,1.83,+209
7,Finn Harps,St. Patrick's Athletic,2.02,3.05,3.85,1.22,1.33,1.70,-1.5,5.70,+1.5,1.10,2.5,1.80,1.90,+154
8,Molde,Brann,1.50,4.10,6.30,1.10,1.22,2.50,-1.5,2.35,+1.5,1.57,4.5,1.80,1.95,+169
9,Kungsangens IF,Skiljebo,,,1.02,14.00,,,+3.5,1.77,-3.5,1.93,5.5,2.20,1.60,+52
10,Al Faisaly,Al Hussein,2.00,2.20,7.60,1.05,1.60,1.72,-1.5,5.50,+1.5,1.11,2.5,1.43,2.65,+81
11,Al Jazeera,Al Acaba,1.02,,,,,15.00,-2.5,3.00,+2.5,1.35,2.5,1.78,1.92,+62
12,Al Hilal Riyadh,Al Fateh,1.10,7.60,22.00,,1.05,5.80,-1.5,1.57,+1.5,2.25,2.5,1.62,2.15,+108
13,Al Wahda,Al Majd,1.13,6.40,27.00,,1.08,5.10,-1.5,1.95,+1.5,1.75,2.5,2.35,1.53,+105
14,Kostin (NFC) Chelsea,Zaporozhets (VEG) Bayern M,,,,,,,,,,,,,,
15,Arsenal L (FEARGGWP),Tottenham (Flewless_ph.),3.05,2.15,3.50,1.25,1.62,1.33,0,1.75,0,1.95,0.5,1.45,2.55,+60
16,SS LAZIO (OOLANCER),Atalanta (Quavo),1.87,3.50,3.80,1.22,1.25,1.83,-1.5,3.30,+1.5,1.28,2.5,2.05,1.68,+84
17,Juventus (Kiser),Napoli (Unknown),2.70,3.30,2.45,1.48,1.30,1.40,-1.5,4.70,+1.5,1.15,3.5,2.10,1.65,
18,Fiorentina (Skripp),SASSUOLO (SPURSMAX),1.20,6.00,12.00,,1.09,4.05,-1.5,1.70,+1.5,2.02,3.5,1.92,1.78,+33
19,PARMA CALCIO 1913 (FLESHKA77),Udinese (Supernova),27.00,14.00,1.04,8.50,,,+3.5,1.50,-3.5,2.40,5.5,1.85,1.85,+47
20,AlmazsFrends,Kosmos Saint Petersburg,1.50,4.90,4.80,1.15,1.14,2.40,-1.5,1.80,+1.5,1.90,6.5,1.97,1.73,+117
21,Florida Panthers (aa0912200),Les Canadiens de Montréal (fine_oxtail3),,,,,,,+4.5,1.62,-4.5,2.15,6.5,1.98,1.72,+60
22,Montreal Can. (Aphex),New Jersey Devils(Zazabak),7.60,7.60,1.22,3.85,1.05,1.05,+2.5,1.93,-2.5,1.77,6.5,2.00,1.72,+105
23,Colorado Avalan. (JoKeR),Chicago Blackh. (JET),1.27,6.80,6.90,1.07,1.07,3.40,-2.5,2.08,+2.5,1.65,5.5,1.80,1.90,+107
24,Pho Suns,Okc Thunder,1.70,,2.15,,,,-2.5,1.93,+2.5,1.87,225.5,1.90,1.90,+24
25,Milan (ZOD),Olympiacos (Fosters23),,,,,,,+19.5,1.92,-19.5,1.78,94.5,1.85,1.85,+6
26,Vivacom,Arrrows,,,,,,,-32.5,1.85,+32.5,1.85,193.5,1.87,1.83,+6
27,Toronto Raptors (Sleepy),Philadelphia 76(SLAMDUNKVV,1.60,,2.20,,,,-2.5,1.80,+2.5,1.90,97.5,1.80,1.90,+6
28,Boston Celtics (Shiva),Portland Tr.Bl. (Spenish),2.50,,1.47,,,,+4.5,1.80,-4.5,1.90,104.5,1.90,1.80,+6
29,Miami Heat (Stella),Portland Trail (Jasmine),,,,,,,+16.5,1.83,-16.5,1.87,197.5,1.83,1.87,+6
30,San Antonio Spurs (Sphynx),GS Warriors (Potter),,,,,,,+11.5,1.90,-11.5,1.80,199.5,1.83,1.87,+6
31,Utah Jazz (Allka),Denver Nuggets (Lily),1.65,,2.10,,,,-1.5,1.78,+1.5,1.92,218.5,1.83,1.87,+6
32,Ballerz-terpilka7(белые),Ringers-hatetw (black),3.90,,1.21,,,,+3.5,1.73,-3.5,1.98,,,,+2
33,Aramis,Dunaferr DF,1.24,6.50,8.50,1.04,1.08,3.65,-1.5,1.62,+1.5,2.15,5.5,2.03,1.70,+23
34,Georgia (JohnneSize),Russia (GenaBukin),1.15,20.00,5.10,,,,-11.5,1.85,+11.5,1.85,44.5,1.90,1.80,+20
35,YEAH GAMING,Cloud9,1.91,,1.80,,,,,,,,,,,
0,Ротор-Зенит. Dzyuba A,Azmoun S,2.90,2.30,3.35,1.28,1.55,1.36,0,1.75,0,1.95,1.5,2.60,1.44,+4
1,Ротор-Зенит. Malcom,Driussi S,3.90,1.65,4.50,1.16,2.10,1.21,0,1.72,0,2.00,0.5,1.87,1.83,+4
2,Rotor-Volgograd,Zenit St. Petersburg,8.50,4.70,1.38,3.05,1.19,1.07,+1.5,1.70,-1.5,2.15,2.5,1.93,1.87,+272
3,Zarya Lugansk,Dnipro-1,1.25,4.60,20.00,,1.18,3.75,-1.5,3.45,+1.5,1.30,3.5,1.70,2.10,+74
4,Zeljeznicar Sarajevo,Borac Banja Luka,1.75,3.35,4.90,1.14,1.28,1.95,-1.5,3.15,+1.5,1.30,2.5,2.20,1.60,+194
5,Samtredia,Saburtalo Tbilisi,7.00,1.38,5.00,1.15,2.90,1.08,0,2.20,0,1.63,2.5,2.85,1.40,+4
6,Aragvi Dusheti,Shevardeni 1906,,,,,,,+1.5,5.40,-1.5,1.12,4.5,3.30,1.28,
7,Zugdidi,Metalurgi Rustavi,,,,,,,-2.5,6.20,+2.5,1.09,4.5,3.75,1.23,+6
8,Gori FC,Meshakhte Tkibuli,1.04,,,,,9.50,-1.5,6.60,+1.5,1.08,1.5,4.40,1.17,+6
9,BFK Daugavpils,FC Riga,6.70,4.60,1.40,2.75,1.16,1.07,+1.5,1.65,-1.5,2.10,2.5,1.75,1.95,+191
10,FS Metta/LU,Tukums 2000,1.73,3.75,4.20,1.19,1.23,2.00,-1.5,2.85,+1.5,1.35,2.5,1.75,1.95,+202
11,Troitsk,Krylya Sovetov-Alyans,,,,,,,-4.5,2.25,+4.5,1.57,4.5,1.72,2.00,+2
12,Nika Moscow,Boradigyakh,1.88,4.20,3.20,1.30,1.19,1.82,0,1.50,0,2.45,3.5,2.20,1.60,
13,Zheleznodorozhnik,Energosoyuz,,,,,,,-3.5,2.40,+3.5,1.50,4.5,2.40,1.50,
14,Nomme United U19,Tabasalu U19,,,,,,,-3.5,1.63,+3.5,2.15,4.5,1.93,1.77,+7
15,Kalju Nomme U19,Tallinna Legion U19,1.10,,,,,5.70,-1.5,1.65,+1.5,2.10,3.5,1.80,1.90,+7
16,Levadia U19,Raplamaa U19,1.06,8.50,48.00,,1.04,7.30,-1.5,1.55,+1.5,2.30,2.5,1.95,1.75,+38
17,Achuapa,Deportivo San Pedro,2.55,3.05,2.75,1.40,1.33,1.45,-1.5,5.40,+1.5,1.12,2.5,2.10,1.65,+196
18,Zelenie Berety,Zheltie Tulpany,9.00,6.50,1.21,3.90,1.08,1.03,+2.5,1.60,-2.5,2.20,8.5,2.00,1.72,+22
19,Energetik-SGK,Periskop,,,,,,,+3.5,1.85,-3.5,1.85,6.5,2.10,1.65,+30
20,Pro Teplo,Parma Tyumen,1.60,4.70,4.00,1.20,1.15,2.20,-1.5,2.30,+1.5,1.55,8.5,1.83,1.87,
21,Lokomotiv Moskow (w),Enisey Krasnoyarsk (w),1.11,8.50,16.00,,1.04,5.50,-2.5,2.30,+2.5,1.55,2.5,1.60,2.20,+174
22,Ryazan-VDV (w),Zenit SPb (w),2.00,3.30,3.65,1.25,1.30,1.72,-1.5,4.30,+1.5,1.18,1.5,1.70,2.02,+179
23,CSKA (w),Krasnodar (w),1.25,5.10,11.50,1.01,1.13,3.55,-1.5,2.00,+1.5,1.72,2.5,2.17,1.62,+181
24,Halilov (GMB) Ajax,Zhukov (RUB) Liverpool,1.85,3.75,3.60,1.25,1.23,1.85,-1.5,3.30,+1.5,1.30,2.5,1.80,1.90,+42
25,Napoli (FEARGGWP),PSG (Chellovekk),2.85,2.10,3.95,1.20,1.65,1.37,-1.5,7.80,+1.5,1.06,0.5,1.40,2.70,+63
26,Real M (SALAYYY),Bayern (BlackStar98),4.30,2.25,2.45,1.48,1.57,1.18,+1.5,1.07,-1.5,6.70,3.5,2.50,1.48,+49
27,Portugal (Spursmax),Argentina (Den1Bravo),,,,,,,,,,,,,,
28,Greece (Vito),Sweden (Olom),,,,,,,,,,,,,,
29,Uruguay (Jenko),England (Indra13_27),3.90,3.90,1.77,1.93,1.20,1.20,0,2.85,0,1.37,2.5,1.55,2.30,
30,Greece (Vito),Ireland (Kiser),4.00,4.10,1.70,2.02,1.19,1.20,+1.5,1.40,-1.5,2.70,3.5,2.15,1.62,+9
31,Izhstal,Neftyanik Almetyevsk,6.30,5.90,1.35,3.05,1.11,1.10,+1.5,2.07,-1.5,1.70,6.5,1.75,2.00,+109
32,Metallurg Magnitogorsk,Sibir Novosibirsk,1.11,8.00,23.00,,1.06,6.00,-2.5,1.88,+2.5,1.88,3.5,1.53,2.40,+121
33,Salavat Yulayev,Neftekhimik,1.09,10.00,19.00,,1.03,6.70,-2.5,1.58,+2.5,2.30,5.5,1.95,1.80,+141
34,Krasnyye Krylya,Ledovyy Desant,1.70,5.70,3.35,1.30,1.12,2.10,-1.5,2.20,+1.5,1.63,8.5,1.90,1.85,+59
35,Pardubice,Hradec Kralove,2.20,4.50,2.50,1.47,1.16,1.60,-1.5,3.10,+1.5,1.32,4.5,1.78,1.92,+124
36,Hc O Trinec,Zlin,1.72,4.70,3.65,1.25,1.17,2.05,-1.5,2.30,+1.5,1.58,6.5,1.62,2.25,+135
37,Toronto (Kumaaa1998),Edmonton Oilers (MartyART),3.75,2.50,2.45,1.48,1.47,1.23,+1.5,1.17,-1.5,4.40,5.5,1.60,2.20,+67
38,Mitrakov (D1S) Colorado,Davydov (ILY) Arizona,,,,,,,+2.5,3.10,-2.5,1.32,3.5,1.55,2.30,+15
39,Canada (Supernova),USA (Magistr),,,,,,,,,,,,,,
40,Maccabi Fox (jema11),Panathinaikos (BLM_Mamba),,,,,,,+16.5,1.78,-16.5,1.92,111.5,1.85,1.85,+6
41,Orlando Magic (bad_trip),Miami Heat (Tranquil),3.03,,1.33,,,,+3.5,1.90,-3.5,1.80,92.5,1.80,1.90,+6
42,Brooklin Nets (Shiva),Cleveland Cavaliers (iamdevilwalk),,,,,,,+10.5,1.83,-10.5,1.87,119.5,1.80,1.90,+6
43,LA Clippers (Allka),Brooklin Nets (Stella),1.52,,2.36,,,,-3.5,1.83,+3.5,1.87,192.5,1.87,1.83,+2
44,Boston Celtics (Lily),Philadelphia 76 (Potter),,,,,,,+27.5,1.83,-27.5,1.87,212.5,1.85,1.85,+6
45,Dallas Maver. (Sphynx),Houston Rockets (Elsa),,,,,,,-20.5,1.87,+20.5,1.83,189.5,1.80,1.90,+6
46,Dallas Mavericks (broccolicabbage0),Portland Trail Blazers (Answer2208),2.65,,1.42,,,,+2.5,1.78,-2.5,1.92,108.5,1.87,1.83,
47,Gazprom burenie,Orghim NN,4.30,5.10,1.55,2.30,1.13,1.18,+1.5,1.60,-1.5,2.20,5.5,1.90,1.80,+25
48,PSP,Caucasus International Un.,,,,,,,+2.5,1.83,-2.5,1.87,5.5,2.40,1.50,+16
49,Orange (w),Gorchitsa (w),1.30,,3.25,,,,-4.5,1.68,+4.5,2.05,92.5,2.02,1.70,+2
50,3M 2-nd game. Carlsen M,Ding Liren,1.15,5.50,33.00,,1.11,4.70,,,,,,,,
51,3M 2-nd game. Nakamura H,Dubov D,2.20,2.10,6.80,1.07,1.65,1.60,0,1.20,0,4.00,,,,
52,Nexus,SJ,1.69,,2.05,,,,,,,,,,,
53,BIG,Heroic,1.11,,5.50,,,,,,,,,,,
54,Team Unique,Cyberium.S,,,,,,,,,,,,,,
0,Rubin Kazan,Lokomotiv Moscow,,,,,,,+2.5,1.12,-2.5,6.20,2.5,4.40,1.20,+6
1,Рубин-Локомо. Ignatiev I,Smolov F,,,,,,,,,,,,,,
2,Dundee Utd,Hibernian,,,1.05,9.50,,,+1.5,1.07,-1.5,7.50,1.5,4.80,1.16,+6
3,Schwarz-Weiss Spandau,Teutonia 1899,,,1.02,13.00,,,+2.5,1.40,-2.5,2.65,4.5,1.55,2.25,
4,Sparta Bilk,Turu 1880 Dusseldorf,7.20,2.55,1.80,1.90,1.45,1.06,+1.5,1.20,-1.5,3.95,3.5,2.55,1.45,+95
5,Balma,Bergerac,1.15,5.30,41.00,,1.12,4.70,-1.5,4.20,+1.5,1.18,3.5,2.25,1.58,+6
6,Borgfeld,Verden 04,5.10,3.30,1.72,2.00,1.30,1.13,+1.5,1.30,-1.5,3.25,7.5,1.55,2.30,+29
7,SVU Steirerfl. Wolfsberg,Flavia Solva,45.00,10.50,1.05,7.80,1.01,,+1.5,2.95,-1.5,1.35,7.5,2.70,1.40,+22
8,Trivieres,RUS Binche,7.10,4.05,1.45,2.55,1.20,1.06,+1.5,1.25,-1.5,3.45,6.5,2.40,1.50,+79
9,Bad Vilbel,Dortelweil,1.02,,,,,14.00,-2.5,1.88,+2.5,1.82,5.5,2.13,1.64,+13
10,GVVV,VVOG Harderwijk,1.30,4.50,10.00,1.02,1.16,3.20,-1.5,1.95,+1.5,1.75,2.5,2.25,1.55,+137
11,Barendrecht,Excelsior Maassluis,3.40,3.05,2.25,1.60,1.35,1.30,+1.5,1.19,-1.5,4.40,3.5,1.55,2.40,+105
12,SV Spakenburg,DHSC Utrecht,,,,,,,-3.5,2.00,+3.5,1.72,4.5,2.00,1.72,+31
13,Ijsselmeervogels,USV Hercules,2.02,3.60,3.25,1.30,1.25,1.70,-1.5,3.60,+1.5,1.25,3.5,1.92,1.78,+15
14,Alfter,GKSC Hurth,1.03,,,,,10.50,-2.5,1.70,+2.5,2.02,3.5,1.65,2.10,+14
15,TEC Tiel,Den Bosch,2.05,3.05,4.00,1.22,1.35,1.73,-1.5,4.90,+1.5,1.16,2.5,1.70,2.08,+118
16,SV Hall,Worgl,,,,,,,,,,,,,,
17,Telfs,Kitzbuhel,2.50,3.00,2.90,1.35,1.35,1.47,-1.5,5.30,+1.5,1.12,1.5,1.72,2.00,+151
18,Siroki Brijeg,Velez Mostar,,,,,,,,,,,,,,
19,Beitar Jerusalem,Hapoel Tel Aviv,1.70,2.55,10.50,1.01,1.45,2.02,-1.5,3.85,+1.5,1.22,1.5,2.50,1.47,+125
20,Cork City,Longford Town,2.13,3.15,3.40,1.27,1.30,1.65,-1.5,4.15,+1.5,1.19,2.5,2.35,1.52,+208
21,Dundalk,Waterford United,1.50,3.75,6.90,1.07,1.23,2.40,-1.5,2.45,+1.5,1.48,2.5,2.05,1.68,+204
22,Kfum Oslo,Lillestrom,,,,,,,,,,,3.5,7.00,1.08,
23,Tsentavr,Ssh-4 Legion,2.20,4.70,2.40,1.50,1.15,1.60,0,1.80,0,1.90,4.5,2.00,1.72,+7
24,Voronezh-oil,PSG Voronezh,,,,,,,-3.5,2.25,+3.5,1.57,6.5,2.77,1.39,
25,Slovan Bratislava,Zemplin Michalovce,1.05,11.50,64.00,,1.02,9.00,-2.5,2.25,+2.5,1.60,2.5,1.55,2.35,+100
26,Sazan,Lider Dnepr,,,,,,,+3.5,1.63,-3.5,2.15,4.5,1.50,2.40,
27,KI Klaksvik,Fuglafjordur,,,,,,,-6.5,2.35,+6.5,1.52,6.5,1.80,1.90,+10
28,Vinbergs,Varbergs GIF,,,,,,,,,,,,,,
29,Tallinna FC Pocarr,Re United,1.25,5.10,12.50,,1.13,3.55,-1.5,2.00,+1.5,1.72,2.5,1.65,2.10,+9
30,U.S. Monastir,Hammam-Lif,1.12,7.40,18.00,,1.06,5.30,-1.5,1.78,+1.5,1.92,4.5,2.35,1.53,+81
31,Zhukov (RUB) Liverpool,Kostin (NFC) Chelsea,,,,,,,,,,,,,,
32,Tottenham (BlackStar98),Man.United (FEARGGWP),,,,,,,,,,,,,,
33,Man. City (Chellovekk),Arsenal L (Flewless_ph.),6.40,1.30,6.30,1.08,3.20,1.08,0,1.85,0,1.85,0.5,2.95,1.35,
34,Espanyol (Thunder),Athletic Bilbao (Leo),2.45,3.25,2.75,1.40,1.30,1.48,-1.5,4.20,+1.5,1.19,5.5,2.00,1.72,
35,Real Sociedad (Zayn),Sevilla (Raiden),,,1.02,15.00,,,+2.5,2.05,-2.5,1.68,3.5,1.90,1.80,+7
36,UDINESE CALCIO (KISER),UC SAMPDORIA (UNKNOWN),1.09,,,,,6.20,-1.5,5.80,+1.5,1.10,3.5,3.25,1.30,+4
37,ATALANTA (INDRA13_27),JUVENTUS (STDM),,,,,,,-3.5,4.30,+3.5,1.18,5.5,2.30,1.55,+4
38,Napoli (Den1Bravo),INTER MILAN (Spursmax),,,,,,,-2.5,4.30,+2.5,1.18,4.5,2.40,1.50,+4
39,SASSUOLO (OLOM),Fiorentina (Vito),4.40,1.35,9.00,1.03,2.95,1.17,0,1.40,0,2.70,2.5,2.90,1.35,+4
40,Rappersvil,Thurgau,,,,,,,-4.5,1.77,+4.5,1.93,6.5,1.85,1.85,+66
41,Visp,Langental,1.15,7.90,12.00,,1.05,4.70,-2.5,1.80,+2.5,1.90,6.5,1.70,2.02,+128
42,Royals Saint Petersburg,Bonava Saint Petersburg,1.11,9.50,13.00,,1.02,5.50,-3.5,2.15,+3.5,1.63,7.5,1.65,2.10,+93
43,St. Louis Blues (shuval13DGL),Toronto Maple Leafs (Kumaaa1998),,,,,,,,,,,,,,
44,Orlando Magic,Brooklyn Nets,,,,,,,+9.5,2.75,-9.5,1.45,207.5,1.72,2.12,+24
45,SA Spurs,Houston Rockets,1.18,,4.90,,,,-9.5,1.90,+9.5,1.90,232.5,1.93,1.87,+24
46,Ridikas,Craptors,1.67,,2.07,,,,-2.5,1.87,+2.5,1.83,143.5,1.85,1.85,+8
47,NRG,Kurband Kiev,1.04,,8.30,,,,-18.5,1.83,+18.5,1.87,140.5,1.87,1.83,+6
48,Manazeh,Bizertin,,,,,,,-26.5,1.87,+26.5,1.83,138.5,1.87,1.83,
49,Utah Jazz (Sphynx),Denver Nuggets (Potter),2.65,,1.42,,,,+5.5,1.80,-5.5,1.90,190.5,1.87,1.83,+6
50,San Antonio Sp. (Jasmine),GS Warriors (Elsa),,,,,,,-5.5,1.83,+5.5,1.87,197.5,1.87,1.83,+6
51,Minnesota Timb. (Allka),Indiana Pacers (Lily),1.57,,2.25,,,,-3.5,1.90,+3.5,1.80,209.5,1.87,1.83,+6
52,Dallas Mavericks (broccolicabbage0),Portland Trail Blazers (Answer2208),2.65,,1.42,,,,+3.5,1.75,-3.5,1.95,109.5,1.83,1.87,+6
53,Ballerz-hatetw (white),Ringers-terpilka7(черные),1.35,,2.90,,,,-3.5,1.85,+3.5,1.85,37.5,1.85,1.85,+2
54,NNI Basket,Dragons Mława,,,,,,,,,,,,,,
55,Bystron Ostrava,TJ Znojmo,,,,,,,-7.5,1.83,+7.5,1.87,16.5,1.70,2.03,+46
56,Ze Pug Godz,Triumph,,,,,,,,,,,,,,
57,CR4ZY,Infamous,,,,,,,,,,,,,,
58,Team Caspium,Team Nova,,,,,,,,,,,,,,
0,Irtysh Omsk,Chertanovo,25.00,6.60,1.16,5.20,1.11,,+1.5,2.00,-1.5,1.80,2.5,2.00,1.80,+163
1,Orenburg,Alania Vladikavkaz,1.65,3.75,5.10,1.15,1.25,2.17,-1.5,3.00,+1.5,1.37,2.5,2.10,1.70,+194
2,Olymp Dolgoprudny,Zenit Irkutsk,1.92,2.70,5.30,1.12,1.40,1.78,-1.5,5.00,+1.5,1.14,1.5,2.55,1.45,+124
3,FC Tver,Chita,1.50,3.90,6.40,1.08,1.20,2.40,-1.5,2.45,+1.5,1.48,2.5,2.05,1.68,+184
4,Borussia Monchengladbach,Sc Verl,1.13,7.30,18.00,,1.06,5.10,-2.5,2.10,+2.5,1.65,3.5,1.85,1.85,+37
5,BKV Elore,MTE 1904,3.70,3.60,1.87,1.83,1.25,1.23,+1.5,1.30,-1.5,3.25,2.5,1.75,1.95,+204
6,Gagra,Samgurali Tskaltubo,2.90,2.35,3.15,1.30,1.53,1.35,0,1.80,0,1.90,1.5,2.20,1.60,+7
7,Merani Martvili,VIT Tbilisi,1.80,2.65,6.60,1.08,1.42,1.90,-1.5,4.15,+1.5,1.19,1.5,2.17,1.62,+31
8,Letniy Dozhdik,SSh-75 Savelovskaya,5.90,3.80,1.55,2.30,1.22,1.10,+1.5,1.50,-1.5,2.40,3.5,2.20,1.60,+206
9,Shakhter Korkino,Torpedo Miass,6.10,4.40,1.45,2.55,1.17,1.09,+1.5,1.67,-1.5,2.07,2.5,1.85,1.85,+185
10,Brodarac U19,Trajal U19,,,,,,,-4.5,2.05,+4.5,1.68,4.5,1.65,2.10,+2
11,Avangard Kramatorsk U19,Slovyansk,1.30,6.90,6.10,1.09,1.07,3.20,-1.5,1.63,+1.5,2.13,4.5,1.65,2.10,+6
12,Sandviken,Team TG FF,1.30,5.30,8.50,1.04,1.12,3.20,-1.5,1.82,+1.5,1.88,3.5,1.90,1.80,+196
13,Ajax Cape Town,Richards Bay,2.12,2.18,6.70,1.07,1.60,1.65,-1.5,5.80,+1.5,1.10,0.5,1.42,2.65,+121
14,Taguatinga,Bosque Formosa Esporte Cl.,4.15,2.55,2.25,1.57,1.45,1.19,+1.5,1.11,-1.5,5.60,1.5,2.05,1.68,+162
15,Capital FC,Real FC,3.80,3.25,1.95,1.75,1.30,1.22,+1.5,1.20,-1.5,4.10,2.5,2.25,1.55,+194
16,Istiklol Dushanbe,Fayzkand,,,,,,,-2.5,2.03,+2.5,1.70,2.5,1.50,2.40,+35
17,Baobab Queens (w),Ruvuma Queens (w),3.45,2.90,2.25,1.57,1.35,1.25,0,2.30,0,1.55,1.5,1.77,1.93,+7
18,Rodina Moscow-2,Heracleion,3.25,2.85,2.35,1.53,1.37,1.30,0,2.17,0,1.62,2.5,1.63,2.15,+7
19,Lokomotiv-M-LFK,Smena Moscow,2.25,4.50,2.40,1.50,1.16,1.57,0,1.80,0,1.90,3.5,1.67,2.08,+7
20,Zheltie Tulpany,Sinie Ptitsy,2.35,4.30,2.35,1.52,1.18,1.52,0,1.85,0,1.85,5.5,1.85,1.85,+28
21,Armada,Rayse of Rise,1.38,5.80,5.50,1.11,1.10,2.80,-1.5,1.75,+1.5,1.95,6.5,1.85,1.85,+34
22,Estonia (w),Latvia (w),2.17,3.10,3.35,1.28,1.32,1.62,-1.5,5.20,+1.5,1.13,1.5,1.58,2.25,+184
23,Benev (WCU) Borussia D,Klenov (KAB) Inter,3.30,2.00,3.65,1.25,1.72,1.30,-1.5,8.00,+1.5,1.05,3.5,2.55,1.45,+50
24,Bayern (FEARGGWP),Tottenham (BlackStar98),,,,,,,,,,,,,,
25,Napoli (Flewless_phoenix),Real M (Inquisitor),86.00,6.30,1.10,5.80,1.08,,+1.5,1.08,-1.5,6.60,1.5,3.30,1.30,+6
26,Olympique Lyonnais (Critic),Monaco (Jenko),,,,,,,,,,,,,,
27,Capitan Stupino,Loko Yaroslavl,6.60,6.30,1.32,3.25,1.10,1.09,+1.5,2.20,-1.5,1.63,5.5,2.15,1.67,+116
28,Stalker,Krasnyye Krylya,2.45,4.60,2.25,1.60,1.18,1.52,+1.5,1.30,-1.5,3.35,5.5,1.73,2.05,+71
29,Karlovy Vary U20,Koln U20,1.50,5.20,4.60,1.16,1.13,2.40,-1.5,1.90,+1.5,1.80,5.5,1.95,1.75,+119
30,Montreal C.(fine_oxtail3),Florida Panthers(aa0912200,1.80,6.00,2.80,1.38,1.09,1.90,-1.5,2.50,+1.5,1.47,5.5,2.03,1.70,+118
31,Maccabi Fox (BLM_Mamba),Panathinaikos (Ash),1.69,,2.04,,,,-1.5,1.94,+1.5,1.76,127.5,1.90,1.80,
32,Cleveland Cavaliers (Shiva),Miami Heat (88fireburn),3.55,,1.25,,,,+3.5,1.92,-3.5,1.78,122.5,1.87,1.83,+6
33,Chicago Bulls (SLAMDUNKVV),Indiana Pacers (ZOD),,,,,,,-6.5,1.83,+6.5,1.87,,,,
34,Los Angeles Clippers (Jasmine),Dallas Mavericks (Allka),,,,,,,-17.5,1.85,+17.5,1.85,189.5,1.85,1.85,+6
35,Philadelphia 76ers (Stella),Los Angeles Lakers (Lily),5.30,,1.12,,,,+10.5,1.83,-10.5,1.87,172.5,1.87,1.83,+6
36,Phoenix Suns (broccolicabbage0),Washington Wizards (uskov9713),,,,,,,,,,,,,,
37,Astrahanochka (w),Stavropolje (w),,,,,,,-6.5,1.87,+6.5,1.83,64.5,1.77,1.93,+6
38,Lada Togliatti (w),Universitet Izhevsk (w),,,,,,,-10.5,1.85,+10.5,1.85,44.5,1.85,1.85,+10
39,Moyra-Budaors Handball (w),Kispest NKK-Vajk (w),1.08,,,,,6.50,-7.5,1.87,+7.5,1.83,57.5,1.80,1.90,+10
40,Orange (w),Gorchitsa (w),2.00,,1.72,,,,+0.5,1.97,-0.5,1.73,81.5,1.80,1.90,+28
41,Bogatyri,Krasny Yar,,,,,,,+43.5,1.85,-43.5,1.85,57.5,1.90,1.80,+14
42,Australia (Kisha),Japan (JTD),,,,,,,+8.5,2.50,-8.5,1.47,64.5,2.36,1.52,+4
43,Fubon Guardians,Rakuten Monkeys,1.55,,2.30,,,,,,,,,,,
44,4M 1-st game. Carlsen M,Ding Liren,2.40,2.00,6.10,1.09,1.70,1.50,0,1.32,0,3.10,,,,
45,Izako Boars,Apeks,2.12,,1.64,,,,,,,,,,,
46,Rooster,AVANT,4.50,,1.16,,,,,,,,,,,
47,Complexity Gaming,OG,1.32,,3.10,,,,,,,,63.5,1.84,1.86,+18
48,EXTREMUM,Voldemort,,,,,,,,,,,,,,
0,Falcons,Khangarid,1.40,3.85,10.00,1.02,1.22,2.75,-1.5,3.15,+1.5,1.30,2.5,2.75,1.40,+97
1,Istaravshan,Dushanbe 83,1.73,3.65,4.40,1.17,1.25,2.00,-1.5,3.00,+1.5,1.35,3.5,1.98,1.72,+170
2,Kuktosh FC,Hatlon,6.50,4.20,1.45,2.55,1.19,1.08,+1.5,1.50,-1.5,2.40,3.5,2.13,1.64,+92
3,Ravshan Kulob,Ravshan Zafarabad,3.30,4.15,1.87,1.83,1.19,1.30,0,2.50,0,1.47,3.5,1.55,2.30,+7
4,Barkchi Hisor,Khosilot,1.60,4.80,4.00,1.20,1.15,2.20,-1.5,2.60,+1.5,1.45,4.5,2.10,1.65,+9
5,Vahdat,FC Shokhmansur,,,,,,,-3.5,2.03,+3.5,1.70,4.5,1.90,1.80,+7
6,Svay Rieng,Soltilo Angkor,1.55,3.25,7.70,1.05,1.30,2.30,-1.5,2.85,+1.5,1.37,1.5,1.90,1.80,+52
7,Ryzhiye Lisy,Zheltie Tulpany,,,,,,,+3.5,1.65,-3.5,2.10,6.5,2.25,1.57,+24
8,Younost-Industriya Kemer.,Dobryy Kemerovo,1.42,7.10,4.20,1.19,1.06,2.65,-1.5,1.80,+1.5,1.90,7.5,2.00,1.72,+6
9,Sagitov (TES) Arsenal,Halilov (GMB) Ajax,,,,,,,,,,,,,,
10,Brazil (Pablik),France (dm1trena),,,,,,,,,,,,,,
11,Netherlands (mooneycb),England (Olle),,,,,,,,,,,,,,
12,Real M (DangerDim77),Man. City (d1pseN),1.40,4.15,8.50,1.04,1.19,2.75,-1.5,2.75,+1.5,1.40,2.5,1.98,1.72,+21
13,PSG (slezaintima),Barcelona (nikkitta),14.00,4.20,1.30,3.20,1.19,,+1.5,1.35,-1.5,2.90,2.5,2.40,1.50,+48
14,Dynamo K (Carlwhizzer),PSV Eindhoven (Dimqaa),,,,,,,,,,,,,,
15,Feyenoord Rotterdam (Mistyeye),CSKA Moscow (Quavo),,,,,,,-1.5,1.14,+1.5,4.90,4.5,2.95,1.35,+4
16,Sporting (Paulo),Marseille (Totti),,,,,,,,,,,,,,
17,Man.United (Nrek),Lokomotiv M (Archi),,,,,,,,,,,,,,
18,MHC Atlant,Loko Yaroslavl,6.00,1.82,2.85,1.40,1.92,1.11,+1.5,1.11,-1.5,6.00,2.5,1.63,2.20,+80
19,Metallurg Nk,Lada,4.20,5.30,1.55,2.35,1.14,1.20,+1.5,1.65,-1.5,2.18,6.5,2.17,1.65,+116
20,Ledovyy Desant,Ershistye Tigry,2.40,4.40,2.35,1.55,1.19,1.55,+1.5,1.25,-1.5,3.70,6.5,1.75,2.00,+59
21,Hc Slavia Praha U20,Sparta Praha U20,4.20,4.50,1.60,2.20,1.16,1.19,+1.5,1.55,-1.5,2.25,3.5,1.80,1.90,+108
22,Shabalin (NBF) Chicago Bl.,Zolin (PGM) N-Y Rangers,48.00,9.50,1.05,7.80,1.02,,+2.5,1.40,-2.5,2.80,5.5,2.90,1.35,+41
23,Vegas Golden Knights (Magistr),Toronto Maple Leafs (mrPanda),,,,,,,+2.5,3.65,-2.5,1.25,7.5,1.90,1.80,+8
24,Liaoning Flying Leopards,Guangdong Southern Tigers,3.15,,1.31,,,,+7.5,1.80,-7.5,1.90,221.5,1.80,1.90,+18
25,Zenit (BLM_Mamba),Fenerbahce (JoKeR),2.46,,1.48,,,,+2.5,1.87,-2.5,1.83,83.5,1.92,1.78,+6
26,Hyundai Group,Tianchen Inginnering,1.16,,4.50,,,,-11.5,1.85,+11.5,1.85,147.5,1.87,1.83,+8
27,Chaophraya Thunder,Mad Goat,7.30,,1.06,,,,+14.5,1.80,-14.5,1.90,132.5,1.80,1.90,+6
28,Houston Rockets (88fireburn),Golden State Warriors (bepado),,,,,,,-29.5,1.83,+29.5,1.87,127.5,1.85,1.85,+6
29,Portland Trail Blazers (Shiva),Dallas Mavericks (Goku),1.58,,2.23,,,,-2.5,1.92,+2.5,1.78,133.5,1.87,1.83,+6
30,Boston Celtics (Sally),Milwaukee Bucks (Readdle),,,,,,,+15,1.80,-15,1.90,162,1.76,1.94,+2
31,Philadelphia 76ers (Ellka),Houston Rockets (Reta),1.72,,2.00,,,,-1.5,1.87,+1.5,1.83,197.5,1.85,1.85,+2
32,Universitet Izhevsk (w),UFA Alisa (w),,,,,,,,,,,31.5,2.03,1.70,
33,HC Zubri,Talent Plzen,,,1.04,8.50,,,+8.5,1.83,-8.5,1.87,57.5,1.90,1.80,+10
34,Gazprom-Ygra,Sinara,4.15,3.55,1.80,1.90,1.25,1.19,0,2.90,0,1.36,3.5,1.93,1.77,+21
35,Pervomay (w),Gorchitsa (w),2.25,,1.55,,,,+5.5,1.68,-5.5,2.05,94.5,1.80,1.90,+8
36,SGSPU-EKOVOZ (w),Zvezda Saint Petersburg (w,,,,,,,+5.5,1.65,-5.5,2.10,5.5,1.65,2.10,+4
37,VVA Podmoskovye,Bulava,,,,,,,-27.5,1.83,+27.5,1.87,53.5,1.83,1.87,+12
38,Sydney Swans,Western Sydney,,,,,,,-46.5,1.55,+46.5,2.30,,,,
39,Uni-7-Eleven Lions,Brothers Elephants,2.30,,1.55,,,,+1.5,1.65,-1.5,2.10,11.5,2.05,1.68,+22
40,Chiba Lotte Marines,Nippon Ham Fighters,,,,,,,0,1.15,0,4.70,12.5,1.68,2.05,+16
41,Seibu Lions,Rakuten Gold. Eagles,,,,,,,+2.5,3.15,-2.5,1.30,11.5,1.73,2.00,+6
42,Yomiuri Giants,Yakult Swallows,,,,,,,0,1.30,0,3.15,,,,
43,Kiwoom Heroes,Hanwha Eagles,,,,,,,0,1.05,0,8.00,7.5,1.83,1.87,+6
44,KT Wiz,Wyverns,,,,,,,0,7.00,0,1.07,17.5,1.67,2.08,+17
45,LG Twins,KIA Tigers,,,,,,,,,,,,,,
46,Lotte Giants,NK Dinos,,,,,,,+7.5,1.25,-7.5,3.55,11.5,1.87,1.83,+2
47,Samsung Lions,Doosan Bears,,,,,,,0,1.13,0,5.00,5.5,1.75,1.95,+8
48,Rooster,AVANT,,,,,,,,,,,,,,
49,SKADE,Copenhagen Flames,,,,,,,,,,,,,,
50,Wisla Krakow,BIG Academy,,,,,,,,,,,,,,
51,Endpoint,Heroic,7.00,,1.07,,,,,,,,,,,+3
52,Tempo,Omegalil,,,,,,,,,,,,,,
53,Victory Five,FunPlus Phoenix,,,,,,,,,,,,,,
0,Sagitov (TES) Arsenal,Zaporozhets (VEG) Bayern M,2.50,4.40,2.20,1.60,1.17,1.47,+1.5,1.25,-1.5,3.50,3.5,2.10,1.65,+94
1,Tottenham (orlovsky1),Arsenal L (d1pseN),,,,,,,,,,,,,,
2,Atletico M (Mr.Jab),Real M (vrico),1.40,3.75,9.50,1.02,1.23,2.75,-1.5,3.10,+1.5,1.32,2.5,2.45,1.48,+48
3,Sevilla (LaikingDast),Barcelona (Kodak),2.90,2.12,3.75,1.23,1.65,1.35,-1.5,8.00,+1.5,1.05,1.5,2.50,1.45,+69
4,Sevilla (Totti),Getafe (Nrek),,,,,,,,,,,,,,
5,Betis (Tigo),Celta (Paulo),1.40,5.70,5.20,1.13,1.10,2.75,-1.5,1.90,+1.5,1.80,4.5,1.90,1.80,+9
6,Tottenham  (Spursmax),Man. United (Skmgery),9.00,4.70,1.32,3.10,1.15,1.03,+1.5,1.60,-1.5,2.20,4.5,1.52,2.35,+7
7,EVERTON FC (CARLWHIZZER),West Ham (Quavo),1.30,4.50,10.50,1.01,1.16,3.20,-1.5,2.18,+1.5,1.61,4.5,1.85,1.85,+54
8,Man.City (Den1Bravo),Arsenal (Olom),1.58,3.75,5.50,1.11,1.23,2.25,-1.5,3.00,+1.5,1.35,2.5,1.70,2.02,+21
9,Kalinin Front,Belye Ldiny,9.00,3.85,1.45,2.65,1.25,1.05,+1.5,1.37,-1.5,2.95,8.5,2.10,1.70,+14
10,Russia (nazar4ik99),Finland (Joker),3.30,3.65,2.00,1.72,1.25,1.30,+1.5,1.30,-1.5,3.20,3.5,2.17,1.62,+99
11,Italy (JET),Austria (Mistyeye),6.30,3.75,1.53,2.35,1.23,1.08,+1.5,1.48,-1.5,2.45,4.5,1.98,1.72,+77
12,Belarus (Magistr),Poland (ScRate),1.60,4.70,4.10,1.19,1.15,2.20,-1.5,2.45,+1.5,1.48,6.5,1.55,2.30,+84
13,CSKA Moscow (Ash),Real Madrid (ZOD),,,,,,,-9.5,1.83,+9.5,1.87,103.5,1.85,1.85,+6
14,Charlotte Hornets (Goku),New York Knicks (Siegfried),,,,,,,+5.5,1.83,-5.5,1.87,140.5,1.90,1.80,+2
15,Washington Wizards (Shiva),Detroit Pistons (SLAMDUNKVV),3.25,,1.29,,,,+6.5,1.80,-6.5,1.90,106.5,1.80,1.90,+6
16,Golden State Warriors (Ellka),Toronto Raptors (Sally),,,,,,,-19.5,1.90,+19.5,1.80,197.5,1.85,1.85,+6
17,Portland Trail Blazers (Readdle),Denver Nugget (Reta),1.08,,6.50,,,,,,,,,,,
18,Boston Celtics (aLikan_),Houston Rockets (amuralex),1.01,,11.00,,,,-15.5,1.78,+15.5,1.92,108.5,1.87,1.83,+6
19,Mechta (w),Burevestnik (w),1.78,,1.92,,,,-0.5,1.82,+0.5,1.88,82.5,1.85,1.85,+28
20,France (Ballvanni),Ireland (JohnnySize),,,,,,,+26.5,1.85,-26.5,1.85,59.5,1.90,1.80,+20
21,Rakuten Monkeys-2,Fubon Guardians 2,,,,,,,0,7.40,0,1.06,11.5,2.00,1.72,+22
22,Fukuoka SoftBank Hawks,Orix Buffaloes,,,,,,,0,1.57,0,2.25,4.5,1.55,2.30,+20
0,Ман.С.-Лион. De Bruyne K,Depay M,4.00,1.40,8.00,1.05,2.75,1.20,0,1.43,0,2.62,0.5,2.40,1.50,+4
1,Ман.С.-Лион. Sterling R,Jesus G,3.35,2.10,3.35,1.28,1.65,1.28,0,1.85,0,1.85,0.5,1.42,2.65,+4
2,Manchester City,Lyon,1.90,3.60,4.05,1.25,1.30,1.90,-1.5,3.40,+1.5,1.32,3.5,2.05,1.77,+235
3,Odra Opole,Lech Poznan,17.00,8.00,1.11,5.50,1.05,,+1.5,2.35,-1.5,1.52,2.5,1.50,2.45,+118
4,Osijek,Slaven Belupo,4.50,1.95,3.05,1.35,1.80,1.18,+1.5,1.06,-1.5,9.00,0.5,1.55,2.35,+74
5,Podgorica FC,Titograd,3.00,1.60,8.50,1.04,2.20,1.35,0,1.28,0,3.35,0.5,1.98,1.72,+23
6,Sutjeska,OFK Petrovac,1.04,,,,,9.00,-1.5,1.90,+1.5,1.80,5.5,1.53,2.35,+7
7,Zeta,Iskra Danilovgrad,5.70,1.50,4.10,1.19,2.40,1.10,0,2.17,0,1.62,0.5,2.15,1.63,+80
8,Re United,Viimsi Lovid,,,,,,,,,,,,,,
9,Zamalek SC,Misr El Makasa,2.55,1.97,6.10,1.11,1.77,1.48,-1.5,7.70,+1.5,1.07,0.5,1.57,2.30,+111
10,MAT Tetouan,HUSA Agadir,3.10,2.35,3.00,1.35,1.53,1.32,+1.5,1.06,-1.5,7.60,1.5,2.30,1.55,+162
11,Olimpique De Safi,CAYB Berrechid,2.03,2.60,5.00,1.13,1.45,1.70,-1.5,5.00,+1.5,1.14,1.5,2.03,1.70,+164
12,Al Nasr Riyadhh,Al Wahda,1.05,9.50,67.00,,1.02,7.80,-1.5,2.35,+1.5,1.53,1.5,1.87,1.83,+12
13,Tombense,Sao Jose PA,2.50,2.45,3.90,1.23,1.52,1.50,-1.5,7.20,+1.5,1.08,1.5,2.20,1.63,+160
14,Palmeira de Goianinha,Santa Cruz de Natal,1.60,3.20,6.80,1.07,1.30,2.20,-1.5,3.40,+1.5,1.27,1.5,2.10,1.65,+130
15,Treze,Campinense,1.95,2.80,4.70,1.15,1.38,1.75,-1.5,3.90,+1.5,1.20,1.5,1.72,2.00,+168
16,HFX Wanderers,Pacific,1.60,3.40,6.40,1.08,1.27,2.20,-1.5,3.10,+1.5,1.32,2.5,1.60,2.20,+148
17,River Plate,Nacional Football,4.60,2.20,2.50,1.50,1.63,1.18,+1.5,1.10,-1.5,6.40,5.5,2.55,1.50,+103
18,Belyye Rozy,Ryzhiye Lisy,1.40,4.30,7.50,1.06,1.18,2.75,-1.5,2.35,+1.5,1.52,7.5,2.25,1.57,+16
19,Athlone Town (w),Wexford Yts (w),,,1.85,1.85,,,0,4.10,0,1.20,1.5,2.65,1.42,+7
20,Kostin (NFC) Chelsea,Zaporozhets (VEG) Bayern M,1.30,4.30,12.50,,1.18,3.20,-1.5,2.20,+1.5,1.60,2.5,1.73,2.00,+69
21,Man. City (vrico),Man.United (Skromnuy),3.50,2.40,2.65,1.42,1.50,1.25,+1.5,1.07,-1.5,7.00,1.5,2.20,1.58,+66
22,Liverpool (Bombit1t0),Tottenham (Arcos),4.60,1.87,3.00,1.35,1.83,1.16,0,2.30,0,1.55,0.5,1.53,2.35,+54
23,Udinese (Walker),Fiorentina (Specialist),1.11,,,,,5.60,-2.5,2.50,+2.5,1.47,3.5,1.65,2.10,
24,Parma (Aventon),SASSUOLO (OOLANCER),35.00,9.50,1.06,7.30,1.02,,+2.5,1.55,-2.5,2.25,5.5,1.62,2.15,+43
25,Juventus (Bobby),ATALANTA (INDRA13_27),,,,,,,+3.5,2.13,-3.5,1.64,4.5,1.80,1.90,+7
26,Arizona Coyotes,Colorado Avalanche,2.40,3.70,2.65,1.45,1.25,1.55,-1.5,3.70,+1.5,1.25,5.5,1.95,1.80,+168
27,Moscow Eshelon,Ace Banda,2.75,3.95,2.20,1.63,1.23,1.42,+1.5,1.25,-1.5,3.80,7.5,2.10,1.70,+54
28,Dzhersi 53,Legenda Moscow,2.25,5.10,2.25,1.57,1.13,1.57,-1.5,2.90,+1.5,1.35,7.5,2.07,1.67,+114
29,Basel U20,Rappersvil U20,1.35,4.80,7.30,1.06,1.15,2.95,-1.5,1.77,+1.5,1.93,8.5,1.80,1.90,+71
30,Portland Trail Blazers,Memphis Grizzlies,1.36,,3.15,,,,-5.5,1.90,+5.5,1.90,230.5,1.87,1.93,+24
31,Indiana (w),Los-Angeles (w),,,,,,,+19.5,1.87,-19.5,1.83,166.5,1.90,1.80,+26
32,Milan (Fosters23),Barcelona (jema11),,,,,,,-8.5,1.85,+8.5,1.85,98.5,1.85,1.85,+2
33,RK Vardar,RK Butel,1.07,15.00,13.00,1.02,1.01,7.00,-8.5,1.80,+8.5,1.90,46.5,1.77,1.93,+10
34,Huddersfield Giants,Warrington Wolves,7.10,5.90,1.25,,,,+6.5,1.43,-6.5,2.60,36.5,1.85,1.85,+4
35,O’Sullivan R,Wilson  Kyren,1.04,,10.00,,,,-7.5,1.75,+7.5,1.95,28.5,1.95,1.75,+36
36,Chicago Cubs,Mil Brewers,1.70,,2.02,,,,+1.5,1.50,-1.5,2.45,8.5,1.85,1.85,+19
37,Movistar Riders,Galaxy Racer Esports,,,,,,,,,,,,,,
38,RBG,New England Whalers,1.63,,2.14,,,,,,,,,,,
39,Rebirth,YEAH GAMING,2.30,,1.54,,,,,,,,,,,
40,OG,Heroic,3.75,,1.23,,,,,,,,,,,
41,Nigma,Alliance,,,,,,,,,,,,,,
42,SpaceStation Gaming,Team SoloMid,,,,,,,,,,,,,,
43,1 map. SpaceStation Gaming,Team SoloMid,2.20,,1.60,,,,+1.5,1.85,-1.5,1.85,11.5,2.12,1.64,+18
0,Almeria,Girona,,,,,,,,,,,3.5,5.30,1.16,
1,Baltika,Shinnik,,,,,,,-2.5,7.60,+2.5,1.09,2.5,5.40,1.15,+6
2,CSKA Sofia,Botev Plovdiv,6.00,1.17,21.00,,4.70,1.11,,,,,2.5,4.90,1.16,+2
3,Radnik Bijeljina,Siroki Brijeg,,,,,,,,,,,2.5,11.00,1.03,
4,Siofok,Debreceni EAC,,,,,,,,,,,,,,
5,Csakvari,Ajka FC,,,,,,,,,,,,,,
6,Gyori ETO FC,Soroksar,,,1.05,7.80,,,+1.5,1.05,-1.5,8.50,1.5,4.80,1.14,+6
7,Szombathelyi Haladas,Szeged,,,,,,,,,,,,,,
8,Kazincbarcikai,Pecsi MFC,7.60,4.20,1.40,2.75,1.19,1.05,+1.5,1.40,-1.5,2.75,2.5,1.85,1.85,+115
9,Merani Tbilisi,Dynamo Batumi,,,,,,,,,,,3.5,7.50,1.06,
10,Silkeborg U19,Aalborg U19,6.30,3.35,1.60,2.20,1.28,1.08,+1.5,1.19,-1.5,4.15,4.5,2.45,1.48,+79
11,Hap.Ironi Kiryat Shmona,Bnei Sakhnin,1.28,4.50,15.00,,1.18,3.50,-1.5,2.65,+1.5,1.45,2.5,2.25,1.60,+103
12,Maccabi Haifa,Hapoel Haifa,1.09,7.90,39.00,,1.06,6.70,-1.5,2.65,+1.5,1.45,1.5,1.90,1.85,+76
13,Kopavogur,Fjolnir,,,,,,,,,,,4.5,6.40,1.10,
14,Rigas Futbola Skola,BFK Daugavpils,,,,,,,,,,,2.5,6.70,1.09,
15,Rosenborg,Aalesund,2.07,3.65,3.25,1.32,1.25,1.70,-1.5,3.45,+1.5,1.30,3.5,1.62,2.20,+203
16,Lodz,Slask Wroclaw,1.70,3.60,4.60,1.16,1.25,2.02,-1.5,3.15,+1.5,1.30,3.5,2.30,1.55,+179
17,Metalac GM,Proleter Novi Sad,8.50,3.25,1.55,2.35,1.32,1.05,+1.5,1.23,-1.5,4.00,2.5,2.70,1.45,+121
18,Rad,Vozdovac Beograd,2.00,3.20,3.85,1.25,1.33,1.75,-1.5,5.40,+1.5,1.14,2.5,2.05,1.75,+109
19,Vojvodina,Mladost Lucani,2.05,2.50,5.50,1.13,1.50,1.73,-1.5,5.20,+1.5,1.14,1.5,2.55,1.50,+152
20,Dynamo Zagreb,NK Lokomotiva Zagreb,,,,,,,-3.5,2.35,+3.5,1.53,3.5,1.67,2.08,+114
21,Osijek-2,Orijent Rijeka,5.90,1.23,10.00,1.02,3.75,1.10,,,,,0.5,3.70,1.23,+8
22,Pyramids,Talaea El Geish,10.00,5.40,1.28,3.50,1.13,1.03,+1.5,1.70,-1.5,2.10,3.5,1.97,1.77,+123
23,Al Jazeera,AL Sareeh,47.00,15.00,1.04,9.50,,,+2.5,1.73,-2.5,2.05,4.5,2.50,1.50,+71
24,Club Africain,Tataouine,3.70,2.95,2.12,1.65,1.35,1.23,+1.5,1.06,-1.5,7.50,2.5,2.20,1.60,+102
25,U.S. Monastir,Etoile Metlaoui,2.05,2.65,4.60,1.16,1.42,1.68,-1.5,4.60,+1.5,1.16,1.5,2.08,1.65,+164
26,Real DF,Capital DF,2.15,3.30,3.20,1.30,1.30,1.62,-1.5,4.40,+1.5,1.17,1.5,1.57,2.25,+182
27,Globo,Forka e Luz,1.04,12.00,76.00,,,8.50,-2.5,1.85,+2.5,1.85,3.5,1.60,2.20,+101
28,Toluca,UANL-Tigres,5.70,1.35,6.40,1.10,3.05,1.12,0,1.78,0,1.98,4.5,2.85,1.40,+4
29,Chinandega U20,Okotal U20,,,,,,,+5.5,1.73,-5.5,2.00,6.5,1.58,2.25,+37
30,Cerro Largo,Atletico Rentistas,2.75,2.50,3.15,1.30,1.47,1.40,-1.5,7.10,+1.5,1.06,3.5,2.20,1.60,+96
31,Promex Harlem SC,LA Enterprises Bombers FC,5.10,4.20,1.55,2.30,1.19,1.13,+1.5,1.35,-1.5,2.90,5.5,2.40,1.50,+85
32,Kolubara (w),Masinac Nis (w),,,,,,,+3.5,1.25,-3.5,3.65,3.5,3.05,1.33,+2
33,Hammarby U19 (w),Segeltorps U19 (w),1.05,12.00,32.00,,,7.80,-2.5,1.70,+2.5,2.02,4.5,1.85,1.85,+49
34,Pavlenko (iNA) PSV,Zhukov (RUB) Liverpool,4.80,4.60,1.52,2.35,1.16,1.15,+1.5,1.60,-1.5,2.20,3.5,1.70,2.02,+121
35,Sassuolo (Carlwhizzer),Sampdoria (Specialist),1.33,4.20,11.00,1.01,1.19,3.05,-1.5,2.55,+1.5,1.45,2.5,2.10,1.65,+50
36,Napoli (Den1Bravo),Juventus (Miller),1.38,4.50,7.50,1.06,1.16,2.80,-1.5,2.65,+1.5,1.43,2.5,1.65,2.10,
37,Fiorentina (Mistyeye),Parma Calcio 1913 (Walker),7.60,4.50,1.38,2.80,1.16,1.05,+1.5,1.42,-1.5,2.65,2.5,1.75,1.95,+7
38,NY Islanders,Was Capitals,,,,,,,,,,,,,,
39,Cal Flames,Dal Stars,5.00,4.30,1.58,2.30,1.20,1.15,+1.5,1.57,-1.5,2.35,4.5,1.98,1.78,+157
40,SKR Saint Petersburg,Verdikt Saint Petersburg,1.97,4.15,3.00,1.35,1.19,1.73,-1.5,2.80,+1.5,1.38,5.5,1.65,2.10,+93
41,Magistral Moscow,Ledyanyye Volki Moscow,5.30,3.40,1.67,2.07,1.27,1.12,+1.5,1.40,-1.5,2.70,2.5,1.55,2.30,+70
42,Lightning,Legenda-Meteor,2.35,4.30,2.40,1.50,1.18,1.53,-1.5,3.80,+1.5,1.22,6.5,2.20,1.60,+49
43,Vegas Golden Nights (Ryba Rybas),Washington Capitals (Dmitry_gavr13),6.90,4.40,1.40,2.75,1.17,1.07,+1.5,1.55,-1.5,2.30,2.5,1.50,2.40,+71
44,Buffalo Sabres (Shket),Florida Panthers (Zazabak),1.78,4.40,3.45,1.25,1.17,1.92,-1.5,2.50,+1.5,1.45,5.5,2.13,1.64,+96
45,Phoenix (w),Dallas (w),2.46,,1.48,,,,+2.5,1.72,-2.5,2.00,176.5,1.90,1.80,+4
46,Gezeret Al Ward (w),Olimby (w),2.60,,1.43,,,,+3.5,1.78,-3.5,1.92,119.5,1.87,1.83,+8
47,Portland Trail Blazers (Answer2208),Dallas Mavericks (broccolicabbage0),,,,,,,,,,,,,,
48,Wigan Warriors,Leeds Rhinos,1.01,20.00,15.00,,,,-12.5,1.83,+12.5,1.87,33.5,1.76,1.94,+18
49,O’Sullivan R,Wilson  Kyren,,,,,,,,,,,,,,+18
50,Bal Orioles,Was Nationals,9.50,,1.04,,,,+4.5,1.80,-4.5,1.90,10.5,2.00,1.72,+17
51,Phi Phillies,NY Mets,2.20,,1.60,,,,+1.5,1.50,-1.5,2.40,6.5,1.67,2.08,+20
52,Det Tigers,Cle Indians,2.70,,1.40,,,,+1.5,1.73,-1.5,2.00,11.5,2.00,1.72,+23
53,Miami Marlins,Atl Braves,2.60,,1.43,,,,+1.5,1.68,-1.5,2.05,4.5,1.95,1.75,+18
54,Chicago White Sox,SL Cardinals,1.37,,2.85,,,,-1.5,1.90,+1.5,1.80,8.5,1.95,1.75,+20
55,Hou Astros,Sea Mariners,1.45,,2.60,,,,-1.5,2.07,+1.5,1.68,7.5,2.03,1.70,+19
56,Min Twins,KC Royals,2.25,,1.58,,,,+1.5,1.68,-1.5,2.05,8.5,1.85,1.85,+20
57,Chicago Cubs,Mil Brewers,1.11,,5.40,,,,-3.5,1.83,+3.5,1.87,10.5,1.95,1.75,+23
58,AVEZ,ESPADA,,,,,,,,,,,,,,
59,FURIA Esports,Team Liquid,2.55,,1.46,,,,,,,,,,,
60,BeastCoast,Thunder Predator,,,,,,,,,,,,,,
61,Virtus.Pro,Natus Vincere,,,,,,,,,,,,,,
62,DarkZero Esports,Team SoloMid,,,,,,,,,,,,,,
63,3rd map. DarkZero Esports,Team SoloMid,1.07,,6.90,,,,,,,,9.5,1.70,2.02,+4
0,Wuhan Zall,Chongqing Lifan,1.45,3.55,10.00,1.03,1.27,2.65,-1.5,3.55,+1.5,1.28,2.5,2.60,1.47,+158
1,Daejeon Citizen,Seoul E-Land,3.00,2.35,3.10,1.32,1.53,1.35,-1.5,8.00,+1.5,1.05,1.5,2.50,1.48,+132
2,Khaan Khuns Erchim,Anduud City,1.04,14.00,38.00,,,8.50,-3.5,1.80,+3.5,1.90,4.5,1.75,1.95,+38
3,Blue Star,Country Lions,2.50,2.55,3.45,1.25,1.45,1.47,-1.5,5.60,+1.5,1.11,3.5,2.00,1.72,+96
4,Zheltie Tulpany,Krasnie Maki,1.48,5.10,4.70,1.15,1.13,2.47,-1.5,2.03,+1.5,1.70,6.5,2.15,1.62,+30
5,Kostin (NFC) Chelsea,Amoyan (EZ1) Atletico M,,,,,,,,,,,,,,
6,Dynamo K (LaikingDast),CSKA M (DangerDim77),1.28,,,,,3.30,-1.5,2.55,+1.5,1.45,2.5,2.70,1.40,+19
7,Shakhtar D (Hrusch),Lokomotiv M (d1pseN),3.40,1.80,4.30,1.18,1.90,1.27,0,1.67,0,2.08,0.5,1.50,2.40,+54
8,AS ROMA (DIMQAA),Porto (Specialist),2.35,3.70,2.60,1.45,1.23,1.53,0,1.78,0,1.92,2.5,1.65,2.10,
9,BORUSSIA MONCHENGLADBACH (CARLWHIZZER),WOLVERHAMPTON WANDERERS (QUAVO),1.40,4.80,6.20,1.09,1.15,2.75,-1.5,2.05,+1.5,1.68,4.5,2.00,1.72,+82
10,Zvezda Moskva,HK Ryazan,1.17,9.00,10.00,1.03,1.05,4.70,-2.5,1.85,+2.5,1.90,5.5,1.90,1.85,+100
11,Spartak Moscow,Avangard,9.00,4.10,1.40,2.85,1.22,1.05,+1.5,1.75,-1.5,2.00,3.5,2.30,1.58,+127
12,SKA-Neva,Yugra,3.85,3.45,1.93,1.82,1.30,1.25,+1.5,1.35,-1.5,3.10,4.5,2.05,1.75,+166
13,Metallurg Nk,Buran Voronezh,1.42,5.10,5.50,1.11,1.13,2.65,-1.5,1.80,+1.5,1.90,7.5,2.05,1.68,+109
14,Ledovyy Desant,Stalker,4.30,4.60,1.60,2.25,1.18,1.20,+1.5,1.62,-1.5,2.25,7.5,1.93,1.83,+57
15,Mitrakov (D1S) Colorado,Zavgorodny (SPB) Pittsburg,1.45,4.90,5.20,1.13,1.14,2.55,-1.5,1.90,+1.5,1.80,4.5,1.58,2.20,+98
16,Columbus (Yarik_SH),Washington (IanJoe),1.67,4.30,4.05,1.20,1.18,2.07,-1.5,2.40,+1.5,1.50,4.5,2.25,1.58,+110
17,Boston Bruins (Joker),Toronto (nazar4ik99),1.57,4.90,4.15,1.19,1.14,2.25,-1.5,2.02,+1.5,1.70,5.5,1.70,2.02,+108
18,Anadolu Efes (Ash),CSKA Moscow (JoKeR),4.90,,1.14,,,,+4.5,1.85,-4.5,1.85,126.5,1.83,1.87,
19,TSU-Hyundai Tbilisi (d),Mgzavredi Tbilisi (d),2.40,,1.50,,,,+4.5,1.83,-4.5,1.87,144.5,1.80,1.90,+8
20,Lincoln Un First Team,Tongren C3 Bar Team,2.30,,1.55,,,,+3.5,1.80,-3.5,1.90,113.5,1.85,1.85,+8
21,Minnesota Timberwolves (BoBBY),Sacramento Kings (SLAMDUNKVV),,,,,,,+6.5,1.78,-6.5,1.92,110.5,1.90,1.80,+6
22,Miami Heat (Potter),Portland Trail Blazers (Jasmine),,,,,,,,,,,,,,
23,FTK Tbilisi,Iliauni,3.15,4.00,1.95,1.75,1.20,1.31,0,2.35,0,1.52,5.5,1.95,1.75,+25
24,Orange (w),Tsitron (w),1.95,,1.75,,,,+0.5,1.88,-0.5,1.82,92.5,1.85,1.85,+4
25,Australia (Kisha),Japan (JTD),1.45,20.00,2.55,,,,-2.5,2.15,+2.5,1.62,29.5,1.76,1.94,+12
26,Richmond,Gold Cost,,,,,,,-14.5,1.85,+14.5,1.85,89.5,1.85,1.85,
27,CR4ZY,HellRaisers,,,,,,,,,,,,,,
28,K23,SJ,1.04,,8.50,,,,,,,,,,,
29,Neon Esports,For The Dream,,,,,,,,,,,,,,
0,Wuhan Zall,Chongqing Lifan,1.43,3.55,11.50,1.02,1.27,2.70,-1.5,3.70,+1.5,1.25,1.5,1.42,2.75,+139
1,Daejeon Citizen,Seoul E-Land,3.10,2.25,3.20,1.30,1.57,1.32,-1.5,9.00,+1.5,1.05,0.5,1.38,2.80,+125
2,Khaan Khuns Erchim,Anduud City,1.02,17.00,63.00,,,10.00,-3.5,1.60,+3.5,2.20,4.5,1.75,1.95,+31
3,Blue Star,Country Lions,2.60,2.40,3.60,1.25,1.50,1.45,-1.5,6.20,+1.5,1.09,3.5,2.25,1.58,+93
4,Zheltie Tulpany,Krasnie Maki,1.47,4.90,5.10,1.13,1.14,2.50,-1.5,2.07,+1.5,1.67,7.5,1.88,1.82,+24
5,Skuratov (SFC) Barcelona,Benev (WCU) Borussia D,2.00,4.00,3.00,1.35,1.20,1.72,-1.5,3.10,+1.5,1.32,3.5,1.85,1.85,+125
6,Tottenham (mooneycb),Arsenal L (Pablik),1.40,4.15,7.60,1.05,1.19,2.75,-1.5,2.95,+1.5,1.35,2.5,1.70,2.02,
7,Liverpool (orlovsky1),Man.United (dm1trena),3.25,2.55,2.65,1.42,1.45,1.30,+1.5,1.12,-1.5,5.30,1.5,1.65,2.10,+76
8,Dynamo K (LaikingDast),CSKA M (DangerDim77),,,,,,,,,,,,,,
9,Shakhtar D (Hrusch),Lokomotiv M (d1pseN),,,,,,,,,,,,,,
10,Spartak M (Kodak),Dynamo K (LaikingDast),6.20,2.85,1.75,1.95,1.37,1.09,+1.5,1.30,-1.5,3.20,2.5,2.25,1.57,+86
11,Lazio (Thunder),Fiorentina (Wizard),1.55,4.50,4.60,1.16,1.16,2.30,-1.5,2.55,+1.5,1.45,3.5,1.65,2.10,
12,Roma (Conqueror),Torino (Tekashi),,,,,,,-3.5,2.00,+3.5,1.72,4.5,1.53,2.35,
13,Sampdoria (Zayn),Genoa (Leo),,,1.07,6.70,,,+2.5,2.00,-2.5,1.72,7.5,1.93,1.77,
14,AS ROMA (DIMQAA),Porto (Specialist),1.40,4.30,7.60,1.05,1.18,2.75,-1.5,2.45,+1.5,1.48,2.5,1.72,2.00,
15,BORUSSIA MONCHENGLADBACH (CARLWHIZZER),WOLVERHAMPTON WANDERERS (QUAVO),2.25,3.05,3.20,1.30,1.33,1.57,-1.5,4.10,+1.5,1.19,6.5,2.30,1.55,+69
16,Braga (Critic),PSV (Miller),2.90,3.95,2.07,1.67,1.20,1.35,+1.5,1.25,-1.5,3.55,3.5,1.60,2.20,+7
17,Dynamo Kyiv (Breezy),CSKA Moscow (Jenko),3.10,3.20,2.25,1.57,1.30,1.32,+1.5,1.17,-1.5,4.40,3.5,1.50,2.40,+61
18,Zvezda Moskva,HK Ryazan,1.15,9.50,11.00,1.02,1.04,5.10,-2.5,1.85,+2.5,1.90,5.5,2.03,1.75,+97
19,Spartak Moscow,Avangard,10.00,4.00,1.40,2.85,1.22,1.03,+1.5,1.70,-1.5,2.10,2.5,1.62,2.25,+116
20,SKA-Neva,Yugra,3.85,3.45,1.93,1.82,1.30,1.25,+1.5,1.35,-1.5,3.10,4.5,2.05,1.75,+166
21,Metallurg Nk,Buran Voronezh,1.45,5.10,5.30,1.12,1.13,2.55,-1.5,1.83,+1.5,1.87,6.5,1.62,2.15,+106
22,Ledovyy Desant,Stalker,4.50,4.50,1.60,2.25,1.18,1.18,+1.5,1.60,-1.5,2.25,7.5,2.15,1.65,+54
23,Mitrakov (D1S) Colorado,Zavgorodny (SPB) Pittsburg,1.16,6.80,14.00,,1.07,4.60,-2.5,1.98,+2.5,1.72,7.5,2.20,1.60,+78
24,Columbus (Yarik_SH),Washington (IanJoe),1.85,3.75,3.65,1.25,1.23,1.85,-1.5,3.00,+1.5,1.35,3.5,2.25,1.58,+99
25,Boston Bruins (Joker),Toronto (nazar4ik99),1.40,4.80,6.40,1.08,1.15,2.75,-1.5,2.02,+1.5,1.70,3.5,1.73,2.00,+85
26,Anadolu Efes (Ash),CSKA Moscow (JoKeR),,,,,,,,,,,,,,
27,TSU-Hyundai Tbilisi (d),Mgzavredi Tbilisi (d),2.55,,1.45,,,,+5.5,1.83,-5.5,1.87,137.5,1.85,1.85,+8
28,Lincoln Un First Team,Tongren C3 Bar Team,3.15,,1.31,,,,+5.5,1.83,-5.5,1.87,108.5,1.85,1.85,+8
29,Minnesota Timberwolves (BoBBY),Sacramento Kings (SLAMDUNKVV),,,,,,,,,,,,,,
30,Indiana Pacers (Stella),San Antonio Spurs (Sphynx),,,,,,,+29.5,1.80,-29.5,1.90,194.5,1.85,1.85,+6
31,Denver Nugget (Lily),Miami Heat (Potter),11.00,,1.01,,,,+20.5,1.80,-20.5,1.90,188.5,1.83,1.87,+6
32,Portland Trail Blazers (Jasmine),Minnesota Timberwolves (Allka),1.20,,4.00,,,,-8.5,1.80,+8.5,1.90,189.5,1.80,1.90,+6
33,New Orleans Pelicans (kapustachempion),Charlotte Hornets (amuralex),2.75,,1.39,,,,+5.5,1.87,-5.5,1.83,110.5,1.80,1.90,+6
34,FTK Tbilisi,Iliauni,2.90,3.90,2.10,1.65,1.21,1.36,0,2.20,0,1.60,5.5,2.10,1.65,+25
35,Orange (w),Tsitron (w),2.75,,1.40,,,,+7.5,1.95,-7.5,1.75,93.5,1.85,1.85,+2
36,Australia (Kisha),Japan (JTD),,,,,,,,,,,,,,
37,Richmond,Gold Cost,,,,,,,-14.5,1.85,+14.5,1.85,,,,
38,CR4ZY,HellRaisers,,,,,,,,,,,,,,
39,K23,SJ,1.04,,8.50,,,,,,,,,,,
40,Neon Esports,For The Dream,,,,,,,,,,,,,,
